timestamp,email,device_name,duration_minutes
2025-01-02T12:36:00,ori9@yahoo.com,iPad,318
2025-01-02T21:55:00,nir242@gmail.com,Surface,86
2025-01-03T19:12:00,tomer375@gmail.com,שני-iPhone,56
2025-01-04T12:52:00,noa981@walla.co.il,Lenovo,15
2025-01-04T20:44:00,yossi5@walla.co.il,אופיר-iPhone,140
2025-01-05T10:34:00,omer3@gmail.com,טל-iPhone,58
2025-01-05T11:42:00,nir429@gmail.com,MacBook-Pro,88
2025-01-05T11:54:00,danny351@gmail.com,Galaxy,163
2025-01-05T14:47:00,tal368@yahoo.com,iPhone,158
2025-01-05T18:48:00,dor406@gmail.com,Pixel,218
2025-01-06T10:07:00,danny670@gmail.com,Galaxy,77
2025-01-06T10:24:00,noa449@hotmail.com,iPad,208
2025-01-06T12:42:00,1@1.com,Unknown,35
2025-01-06T15:09:00,shai205@gmail.com,Lenovo,198
2025-01-06T18:14:00,yael512@gmail.com,Pixel,105
2025-01-07T10:24:00,amit537@gmail.com,Surface,25
2025-01-07T12:41:00,hila325@icloud.com,Lenovo,250
2025-01-07T18:31:00,maya492@gmail.com,Surface,227
2025-01-08T07:09:00,dor10@icloud.com,תומר-iPhone,280
2025-01-08T11:49:00,rinat652@gmail.com,Pixel,295
2025-01-08T11:57:00,nir702@gmail.com,Lenovo,90
2025-01-09T11:41:00,shai894@gmail.com,iPhone,326
2025-01-09T13:54:00,noa853@outlook.com,iPhone,122
2025-01-09T16:57:00,michal841@gmail.com,Pixel,272
2025-01-10T10:11:00,shai205@gmail.com,Pixel,78
2025-01-10T10:42:00,roni119@outlook.com,MacBook-Pro,24
2025-01-10T19:24:00,free.wifi@gmail.com,Unknown,62
2025-01-11T08:53:00,david892@hotmail.com,iPhone,358
2025-01-11T08:55:00,shira825@yahoo.com,Galaxy,175
2025-01-11T16:01:00,1@1.com,Unknown,123
2025-01-11T19:27:00,maya492@gmail.com,Galaxy,168
2025-01-12T17:27:00,shai125@gmail.com,MacBook-Pro,227
2025-01-13T12:28:00,roni696@gmail.com,iPad,150
2025-01-13T17:24:00,shai125@gmail.com,Pixel,61
2025-01-14T10:55:00,nir242@gmail.com,Pixel,142
2025-01-14T20:00:00,yossi599@gmail.com,MacBook-Pro,29
2025-01-15T07:21:00,shira852@gmail.com,iPad,357
2025-01-15T20:40:00,guy45@yahoo.com,iPad,24
2025-01-15T22:42:00,no.email@nope.com,PC,95
2025-01-16T07:33:00,no.email@nope.com,android-xxxx,60
2025-01-16T08:21:00,user@example.com,iPhone,56
2025-01-16T10:11:00,fake@email.com,PC,52
2025-01-16T13:12:00,dor964@outlook.com,Pixel,104
2025-01-16T21:43:00,shai894@gmail.com,Galaxy,195
2025-01-17T12:42:00,danny450@gmail.com,iPad,260
2025-01-19T15:15:00,asdf@asdf.com,Unknown,75
2025-01-19T22:16:00,noa704@hotmail.com,MacBook-Pro,254
2025-01-21T11:25:00,danny450@gmail.com,Surface,184
2025-01-21T11:36:00,yael217@icloud.com,iPad,349
2025-01-21T17:29:00,tal416@gmail.com,iPad,346
2025-01-23T10:34:00,alon328@hotmail.com,Pixel,67
2025-01-23T17:22:00,1@1.com,android-xxxx,79
2025-01-24T07:36:00,nope@nope.com,android-xxxx,139
2025-01-24T08:50:00,amit85@yahoo.com,iPad,218
2025-01-24T09:26:00,yossi507@outlook.com,Pixel,175
2025-01-24T10:32:00,tal528@yahoo.com,Surface,226
2025-01-25T19:49:00,nir737@icloud.com,iPad,142
2025-01-26T14:07:00,x@x.com,Unknown,18
2025-01-26T19:46:00,user@example.com,android-xxxx,80
2025-01-27T14:52:00,guy323@gmail.com,iPad,288
2025-01-27T15:05:00,a@a.com,Unknown,168
2025-01-27T17:13:00,ori890@gmail.com,Pixel,256
2025-01-27T17:27:00,hila552@gmail.com,iPhone,237
2025-01-28T17:33:00,yael664@gmail.com,iPad,52
2025-01-29T10:22:00,noa338@walla.co.il,Lenovo,106
2025-01-29T15:40:00,alon328@hotmail.com,Galaxy,25
2025-01-30T09:17:00,1@1.com,iPhone,21
2025-01-30T14:32:00,rotem988@gmail.com,iPhone,231
2025-01-30T18:33:00,ori928@gmail.com,iPhone,102
2025-01-31T08:38:00,guy205@walla.co.il,MacBook-Pro,272
2025-01-31T11:23:00,rinat834@yahoo.com,Lenovo,166
2025-01-31T22:17:00,guy45@yahoo.com,Pixel,209
2025-02-01T07:27:00,arnon888@icloud.com,אלין-iPhone,298
2025-02-01T14:31:00,asdf@asdf.com,Unknown,93
2025-02-01T21:03:00,yael664@gmail.com,Pixel,327
2025-02-02T12:41:00,a@a.com,iPhone,172
2025-02-02T14:56:00,shira852@gmail.com,Galaxy,355
2025-02-02T15:57:00,arnon888@icloud.com,Surface,257
2025-02-03T17:40:00,noa449@hotmail.com,Galaxy,200
2025-02-03T18:26:00,danny527@walla.co.il,מאי-iPhone,247
2025-02-04T07:09:00,1@1.com,Unknown,138
2025-02-04T12:18:00,asdf@asdf.com,android-xxxx,137
2025-02-04T13:58:00,danny336@hotmail.com,Lenovo,225
2025-02-05T09:21:00,hila719@hotmail.com,שגיא-iPhone,220
2025-02-05T13:03:00,tomer502@hotmail.com,MacBook-Pro,119
2025-02-06T15:40:00,nir649@icloud.com,iPad,205
2025-02-06T20:38:00,1@1.com,Unknown,146
2025-02-07T18:01:00,dor262@yahoo.com,Galaxy,87
2025-02-07T21:24:00,yossi373@gmail.com,שני-iPhone,219
2025-02-08T14:12:00,tomer375@gmail.com,MacBook-Pro,183
2025-02-08T17:19:00,dor781@gmail.com,Lenovo,118
2025-02-09T08:08:00,free.wifi@gmail.com,android-xxxx,77
2025-02-09T13:43:00,user@example.com,PC,85
2025-02-09T16:32:00,shira748@icloud.com,Pixel,236
2025-02-09T18:38:00,ori918@hotmail.com,עומר-iPhone,29
2025-02-10T09:45:00,rinat652@gmail.com,iPad,125
2025-02-10T11:50:00,no.email@nope.com,iPhone,30
2025-02-10T13:58:00,a@a.com,android-xxxx,83
2025-02-10T15:55:00,hila325@icloud.com,Galaxy,237
2025-02-10T22:19:00,tal416@gmail.com,MacBook-Pro,80
2025-02-11T09:03:00,lior305@outlook.com,Surface,81
2025-02-11T16:14:00,test@test.com,PC,95
2025-02-11T16:55:00,rinat996@walla.co.il,Lenovo,229
2025-02-11T22:30:00,yossi688@yahoo.com,Surface,185
2025-02-12T11:04:00,rinat996@walla.co.il,Pixel,222
2025-02-12T20:33:00,amit840@gmail.com,iPad,59
2025-02-13T08:17:00,1@1.com,PC,131
2025-02-13T08:34:00,nir250@hotmail.com,אבי-iPhone,214
2025-02-13T09:55:00,hila28@walla.co.il,Pixel,73
2025-02-13T12:46:00,noa420@hotmail.com,Galaxy,218
2025-02-13T17:54:00,shai926@walla.co.il,iPad,234
2025-02-13T20:23:00,rotem101@gmail.com,MacBook-Pro,216
2025-02-14T22:06:00,rinat652@gmail.com,Lenovo,175
2025-02-15T10:40:00,noa981@walla.co.il,דור-iPhone,88
2025-02-15T11:39:00,nope@nope.com,android-xxxx,153
2025-02-17T10:37:00,noa981@yahoo.com,דוד-iPhone,154
2025-02-17T15:49:00,nope@nope.com,Unknown,95
2025-02-17T19:16:00,danny972@yahoo.com,MacBook-Pro,137
2025-02-17T20:21:00,amit533@icloud.com,Pixel,99
2025-02-18T08:03:00,rinat449@hotmail.com,תהילה-iPhone,135
2025-02-18T12:32:00,1@1.com,PC,83
2025-02-18T17:40:00,roni752@yahoo.com,Surface,83
2025-02-18T19:44:00,danny336@hotmail.com,iPhone,137
2025-02-18T20:46:00,nope@nope.com,iPhone,86
2025-02-18T21:42:00,tal528@yahoo.com,Pixel,196
2025-02-19T09:49:00,noa981@walla.co.il,Surface,283
2025-02-19T11:33:00,free.wifi@gmail.com,iPhone,133
2025-02-19T14:13:00,asdf@asdf.com,PC,11
2025-02-20T10:04:00,roni696@gmail.com,שחר-iPhone,34
2025-02-21T11:01:00,dor406@gmail.com,Surface,259
2025-02-21T12:44:00,danny527@walla.co.il,Pixel,274
2025-02-21T13:21:00,noa981@yahoo.com,Lenovo,272
2025-02-21T20:31:00,rinat988@hotmail.com,Pixel,135
2025-02-22T07:38:00,michal558@yahoo.com,Galaxy,318
2025-02-23T10:11:00,noa449@hotmail.com,Pixel,316
2025-02-23T17:33:00,lior305@outlook.com,iPad,199
2025-02-24T11:40:00,dor781@gmail.com,Galaxy,36
2025-02-24T17:09:00,yael886@gmail.com,iPhone,56
2025-02-24T17:38:00,asdf@asdf.com,iPhone,149
2025-02-24T18:20:00,ori510@hotmail.com,MacBook-Pro,22
2025-02-25T09:32:00,free.wifi@gmail.com,Unknown,135
2025-02-25T17:20:00,shira852@gmail.com,iPad,334
2025-02-25T17:36:00,ori928@gmail.com,Lenovo,342
2025-02-25T19:27:00,x@x.com,iPhone,100
2025-02-26T07:48:00,amit537@gmail.com,iPhone,82
2025-02-26T08:19:00,asdf@asdf.com,iPhone,89
2025-02-26T10:50:00,hila552@gmail.com,iPhone,79
2025-02-27T10:33:00,shira825@yahoo.com,Pixel,269
2025-02-28T10:34:00,shai125@gmail.com,MacBook-Pro,161
2025-02-28T13:54:00,dor10@icloud.com,Lenovo,78
2025-03-01T07:41:00,guy323@gmail.com,הראל-iPhone,338
2025-03-01T16:05:00,tomer972@gmail.com,Galaxy,60
2025-03-01T22:02:00,david78@gmail.com,Lenovo,197
2025-03-01T22:39:00,arnon888@icloud.com,אלין-iPhone,244
2025-03-02T12:55:00,yael217@icloud.com,MacBook-Pro,17
2025-03-02T14:45:00,yael414@gmail.com,iPad,112
2025-03-02T17:37:00,dor441@gmail.com,Surface,91
2025-03-02T18:19:00,ori94@walla.co.il,שרה-iPhone,170
2025-03-02T19:53:00,yossi599@gmail.com,Pixel,298
2025-03-02T20:31:00,hila552@gmail.com,Lenovo,80
2025-03-02T22:14:00,test@test.com,iPhone,10
2025-03-03T11:25:00,yael780@outlook.com,iPhone,155
2025-03-03T18:36:00,hila482@hotmail.com,Pixel,35
2025-03-05T16:15:00,roni752@yahoo.com,Surface,139
2025-03-05T16:23:00,roni31@hotmail.com,MacBook-Pro,231
2025-03-05T21:19:00,yossi504@gmail.com,iPhone,247
2025-03-05T22:41:00,michal841@gmail.com,Lenovo,226
2025-03-06T09:11:00,tomer502@hotmail.com,iPad,135
2025-03-06T11:00:00,noa853@outlook.com,iPad,72
2025-03-06T13:25:00,ori918@hotmail.com,iPhone,127
2025-03-07T14:40:00,a@a.com,android-xxxx,163
2025-03-07T22:55:00,noa704@hotmail.com,Pixel,199
2025-03-08T10:21:00,dor406@gmail.com,Surface,272
2025-03-08T13:12:00,tal47@walla.co.il,Surface,206
2025-03-08T13:19:00,omer568@gmail.com,Surface,355
2025-03-08T19:30:00,asdf@asdf.com,Unknown,24
2025-03-08T20:30:00,ori928@gmail.com,Galaxy,214
2025-03-08T20:54:00,yael414@gmail.com,iPad,322
2025-03-09T07:17:00,nope@nope.com,Unknown,68
2025-03-09T17:48:00,shai937@walla.co.il,iPhone,170
2025-03-10T17:44:00,yael414@gmail.com,Surface,123
2025-03-10T18:03:00,yossi5@walla.co.il,Surface,268
2025-03-11T07:25:00,danny527@walla.co.il,iPad,336
2025-03-12T10:54:00,alon607@hotmail.com,iPad,239
2025-03-12T14:05:00,a@a.com,iPhone,75
2025-03-12T18:56:00,nope@nope.com,android-xxxx,27
2025-03-13T07:23:00,user@example.com,Unknown,92
2025-03-13T11:19:00,michal568@gmail.com,iPhone,270
2025-03-13T18:47:00,danny450@gmail.com,Surface,17
2025-03-13T22:48:00,alon328@hotmail.com,Lenovo,98
2025-03-13T22:52:00,maya141@yahoo.com,Pixel,97
2025-03-14T07:58:00,arnon729@hotmail.com,iPad,27
2025-03-14T09:15:00,rinat363@walla.co.il,Galaxy,21
2025-03-14T15:07:00,noa704@hotmail.com,רפי-iPhone,37
2025-03-14T16:16:00,a@a.com,Unknown,24
2025-03-14T16:54:00,tomer525@outlook.com,iPad,83
2025-03-14T18:31:00,test@test.com,android-xxxx,152
2025-03-15T10:11:00,tomer882@gmail.com,iPad,155
2025-03-15T21:04:00,omer568@gmail.com,Surface,324
2025-03-16T07:11:00,a@a.com,android-xxxx,48
2025-03-16T09:20:00,amit840@gmail.com,MacBook-Pro,108
2025-03-16T13:20:00,tomer704@icloud.com,iPhone,322
2025-03-16T16:53:00,nir148@icloud.com,iPad,270
2025-03-16T17:07:00,test@test.com,iPhone,7
2025-03-17T10:22:00,david78@gmail.com,Galaxy,119
2025-03-17T15:59:00,guy323@gmail.com,MacBook-Pro,153
2025-03-17T22:05:00,noa998@gmail.com,Lenovo,107
2025-03-17T22:27:00,noa853@outlook.com,iPhone,74
2025-03-18T11:20:00,tomer367@walla.co.il,MacBook-Pro,214
2025-03-18T12:30:00,guy205@walla.co.il,MacBook-Pro,285
2025-03-19T12:27:00,arnon729@hotmail.com,עמרי-iPhone,322
2025-03-20T10:58:00,a@a.com,android-xxxx,98
2025-03-20T17:36:00,michal568@gmail.com,Surface,210
2025-03-20T21:31:00,amit447@icloud.com,Lenovo,25
2025-03-21T15:14:00,shai563@gmail.com,Lenovo,217
2025-03-21T18:32:00,hila552@gmail.com,iPhone,136
2025-03-21T21:14:00,noa998@gmail.com,Surface,203
2025-03-22T14:33:00,danny527@walla.co.il,MacBook-Pro,319
2025-03-22T15:56:00,danny336@hotmail.com,Pixel,356
2025-03-22T16:45:00,alon607@hotmail.com,Lenovo,274
2025-03-23T07:01:00,nir547@gmail.com,Pixel,138
2025-03-23T15:08:00,noa687@hotmail.com,iPhone,147
2025-03-23T17:13:00,yossi599@gmail.com,Galaxy,62
2025-03-24T07:25:00,guy205@walla.co.il,Surface,247
2025-03-24T09:19:00,lior16@gmail.com,Galaxy,217
2025-03-24T09:35:00,yael217@icloud.com,Pixel,32
2025-03-24T13:18:00,rotem42@gmail.com,Galaxy,356
2025-03-24T15:43:00,noa687@hotmail.com,iPad,222
2025-03-24T17:57:00,shira958@gmail.com,Surface,158
2025-03-24T20:52:00,no.email@nope.com,android-xxxx,27
2025-03-25T11:32:00,hila482@hotmail.com,MacBook-Pro,263
2025-03-26T08:51:00,ori918@hotmail.com,עומר-iPhone,346
2025-03-26T13:15:00,tomer502@hotmail.com,Surface,105
2025-03-26T20:03:00,hila719@hotmail.com,Surface,33
2025-03-26T20:16:00,noa981@walla.co.il,Pixel,271
2025-03-27T12:02:00,shira852@gmail.com,Surface,277
2025-03-29T17:48:00,noa449@hotmail.com,Surface,107
2025-03-29T18:07:00,maya117@yahoo.com,עמרי-iPhone,142
2025-03-29T20:56:00,arnon162@gmail.com,Galaxy,75
2025-03-30T13:43:00,nope@nope.com,PC,31
2025-03-30T17:51:00,rotem101@gmail.com,Pixel,116
2025-03-30T20:35:00,shai894@gmail.com,Lenovo,216
2025-03-31T15:58:00,fake@email.com,iPhone,105
2025-03-31T19:48:00,user@example.com,Unknown,20
2025-04-01T15:58:00,dor964@outlook.com,Galaxy,25
2025-04-01T18:11:00,nir279@gmail.com,MacBook-Pro,116
2025-04-02T15:10:00,rinat449@hotmail.com,Lenovo,188
2025-04-02T21:29:00,test@test.com,PC,7
2025-04-03T20:50:00,yael414@gmail.com,MacBook-Pro,29
2025-04-04T13:16:00,nir279@gmail.com,Surface,240
2025-04-04T15:49:00,nir299@hotmail.com,Galaxy,93
2025-04-04T22:00:00,shai993@gmail.com,Galaxy,295
2025-04-05T22:12:00,x@x.com,PC,133
2025-04-06T13:04:00,ori928@gmail.com,Surface,160
2025-04-06T17:57:00,free.wifi@gmail.com,android-xxxx,8
2025-04-07T09:17:00,user@example.com,android-xxxx,180
2025-04-07T11:03:00,noa704@hotmail.com,iPad,108
2025-04-07T19:11:00,1@1.com,iPhone,140
2025-04-09T09:52:00,dor10@icloud.com,Pixel,128
2025-04-09T11:27:00,yael780@outlook.com,iPhone,330
2025-04-09T22:22:00,arnon888@icloud.com,Lenovo,133
2025-04-10T11:40:00,michal558@yahoo.com,Pixel,196
2025-04-10T14:46:00,user@example.com,iPhone,173
2025-04-12T13:03:00,free.wifi@gmail.com,PC,16
2025-04-12T15:44:00,rotem101@gmail.com,MacBook-Pro,40
2025-04-13T09:55:00,yael780@outlook.com,iPhone,209
2025-04-13T20:25:00,hila907@yahoo.com,Pixel,334
2025-04-14T11:24:00,rinat834@yahoo.com,iPad,343
2025-04-14T14:48:00,omer274@gmail.com,iPad,267
2025-04-14T21:17:00,omer568@gmail.com,iPad,18
2025-04-15T19:04:00,michal568@gmail.com,Surface,111
2025-04-15T20:17:00,noa687@hotmail.com,Pixel,345
2025-04-16T14:18:00,ori928@gmail.com,Galaxy,247
2025-04-16T14:53:00,shai125@gmail.com,Lenovo,58
2025-04-16T19:11:00,user@example.com,Unknown,174
2025-04-17T14:57:00,hila472@yahoo.com,iPad,246
2025-04-17T19:27:00,shira852@gmail.com,Galaxy,133
2025-04-18T08:01:00,rinat988@hotmail.com,יעקב-iPhone,148
2025-04-18T12:58:00,yossi688@yahoo.com,Lenovo,338
2025-04-18T14:03:00,amit940@gmail.com,MacBook-Pro,75
2025-04-18T21:28:00,michal568@gmail.com,iPhone,206
2025-04-19T14:49:00,amit767@gmail.com,Lenovo,297
2025-04-20T16:16:00,noa981@yahoo.com,iPhone,167
2025-04-21T08:57:00,omer230@gmail.com,iPad,241
2025-04-21T16:46:00,yael414@gmail.com,iPad,229
2025-04-22T10:35:00,nope@nope.com,Unknown,151
2025-04-22T13:47:00,shai937@walla.co.il,iPhone,200
2025-04-23T15:42:00,shira958@gmail.com,Lenovo,358
2025-04-23T15:46:00,dor964@outlook.com,MacBook-Pro,188
2025-04-23T17:17:00,yael512@gmail.com,iPad,312
2025-04-25T08:52:00,test@test.com,android-xxxx,31
2025-04-25T14:29:00,omer302@icloud.com,iPad,137
2025-04-25T16:59:00,nope@nope.com,PC,96
2025-04-26T19:25:00,user@example.com,Unknown,61
2025-04-27T08:45:00,nope@nope.com,iPhone,9
2025-04-27T11:51:00,hila719@hotmail.com,Surface,226
2025-04-27T20:24:00,arnon729@hotmail.com,MacBook-Pro,195
2025-04-29T10:42:00,asdf@asdf.com,PC,178
2025-04-29T10:45:00,yossi599@gmail.com,MacBook-Pro,273
2025-04-30T07:29:00,michal558@yahoo.com,Surface,252
2025-04-30T21:46:00,shai926@walla.co.il,Lenovo,189
2025-04-30T22:23:00,dor10@icloud.com,iPhone,158
2025-05-01T18:00:00,amit840@gmail.com,iPad,23
2025-05-01T21:41:00,free.wifi@gmail.com,Unknown,10
2025-05-02T10:49:00,yossi371@walla.co.il,מאור-iPhone,183
2025-05-02T14:05:00,1@1.com,Unknown,63
2025-05-02T21:47:00,tal76@outlook.com,אביגיל-iPhone,83
2025-05-03T10:09:00,noa687@hotmail.com,iPad,29
2025-05-03T13:05:00,shira852@gmail.com,iPhone,230
2025-05-03T15:35:00,david892@hotmail.com,Surface,173
2025-05-03T16:10:00,ori918@hotmail.com,Galaxy,48
2025-05-04T07:57:00,dor10@icloud.com,Surface,31
2025-05-04T07:57:00,free.wifi@gmail.com,android-xxxx,73
2025-05-04T19:12:00,yossi599@gmail.com,Surface,41
2025-05-05T11:51:00,michal558@yahoo.com,iPhone,45
2025-05-05T13:34:00,yossi513@gmail.com,iPhone,355
2025-05-05T22:02:00,hila943@icloud.com,ליבי-iPhone,338
2025-05-06T08:07:00,danny670@gmail.com,iPad,218
2025-05-06T15:20:00,no.email@nope.com,Unknown,18
2025-05-06T16:29:00,noa687@hotmail.com,Lenovo,301
2025-05-06T17:21:00,lior16@gmail.com,iPad,250
2025-05-07T08:40:00,yael513@yahoo.com,Pixel,79
2025-05-07T10:30:00,yael664@gmail.com,iPad,189
2025-05-07T11:46:00,yael780@outlook.com,MacBook-Pro,142
2025-05-07T12:00:00,hila943@icloud.com,Galaxy,62
2025-05-07T14:41:00,hila28@walla.co.il,Pixel,318
2025-05-08T09:17:00,amit537@gmail.com,MacBook-Pro,336
2025-05-08T14:38:00,yossi513@gmail.com,Surface,281
2025-05-08T19:27:00,user@example.com,Unknown,71
2025-05-09T13:31:00,fake@email.com,android-xxxx,118
2025-05-10T13:32:00,danny336@hotmail.com,iPhone,251
2025-05-10T19:19:00,rinat449@hotmail.com,Surface,358
2025-05-10T20:18:00,1@1.com,iPhone,106
2025-05-10T22:28:00,nope@nope.com,android-xxxx,56
2025-05-11T20:44:00,noa469@gmail.com,MacBook-Pro,289
2025-05-12T07:34:00,yael512@gmail.com,Galaxy,210
2025-05-12T22:16:00,fake@email.com,PC,8
2025-05-13T14:56:00,maya368@hotmail.com,Pixel,113
2025-05-13T18:07:00,yossi504@gmail.com,iPhone,348
2025-05-14T07:49:00,tal991@outlook.com,Pixel,159
2025-05-16T09:10:00,test@test.com,iPhone,126
2025-05-16T10:59:00,no.email@nope.com,Unknown,95
2025-05-16T17:27:00,noa704@hotmail.com,MacBook-Pro,176
2025-05-16T17:58:00,yossi507@outlook.com,MacBook-Pro,123
2025-05-17T16:47:00,yael414@gmail.com,Lenovo,210
2025-05-18T09:36:00,rinat181@walla.co.il,iPhone,303
2025-05-18T10:15:00,guy45@yahoo.com,MacBook-Pro,170
2025-05-18T10:28:00,danny450@gmail.com,Lenovo,97
2025-05-18T13:59:00,noa981@walla.co.il,Surface,172
2025-05-19T07:09:00,user@example.com,android-xxxx,173
2025-05-19T10:34:00,nir649@icloud.com,Galaxy,295
2025-05-19T11:46:00,x@x.com,PC,154
2025-05-20T13:37:00,david78@gmail.com,iPhone,284
2025-05-21T19:24:00,asdf@asdf.com,PC,111
2025-05-21T20:07:00,asdf@asdf.com,PC,48
2025-05-23T20:34:00,tomer375@gmail.com,Lenovo,176
2025-05-23T21:02:00,tomer704@icloud.com,MacBook-Pro,255
2025-05-24T10:27:00,ori890@gmail.com,MacBook-Pro,144
2025-05-24T10:55:00,yael780@outlook.com,Pixel,141
2025-05-24T20:13:00,lior16@gmail.com,אמה-iPhone,190
2025-05-25T07:19:00,noa998@gmail.com,MacBook-Pro,105
2025-05-25T15:38:00,noa449@hotmail.com,Galaxy,39
2025-05-25T18:04:00,arnon729@hotmail.com,עמרי-iPhone,75
2025-05-26T11:53:00,user@example.com,Unknown,141
2025-05-26T12:53:00,david78@gmail.com,MacBook-Pro,275
2025-05-27T12:05:00,alon607@hotmail.com,Pixel,205
2025-05-27T15:27:00,nir429@gmail.com,iPad,171
2025-05-27T18:56:00,amit872@yahoo.com,Galaxy,153
2025-05-28T07:14:00,yossi513@gmail.com,אפרת-iPhone,190
2025-05-29T15:15:00,yael414@gmail.com,Lenovo,142
2025-05-29T16:31:00,yael780@outlook.com,Galaxy,234
2025-05-29T18:39:00,rinat652@gmail.com,Surface,35
2025-05-31T07:29:00,test@test.com,android-xxxx,77
2025-05-31T09:24:00,nir279@gmail.com,Galaxy,156
2025-05-31T15:13:00,maya117@yahoo.com,iPhone,338
2025-05-31T19:25:00,alon714@outlook.com,Galaxy,331
2025-05-31T19:26:00,rotem42@gmail.com,נועם-iPhone,256
2025-05-31T22:01:00,ori94@walla.co.il,MacBook-Pro,87
2025-06-01T12:04:00,guy993@gmail.com,Pixel,310
2025-06-02T22:51:00,danny972@yahoo.com,Surface,173
2025-06-03T16:42:00,yossi504@gmail.com,MacBook-Pro,208
2025-06-03T18:27:00,danny450@gmail.com,MacBook-Pro,289
2025-06-04T09:59:00,yossi688@yahoo.com,iPad,167
2025-06-04T15:12:00,tal991@outlook.com,MacBook-Pro,293
2025-06-04T16:11:00,1@1.com,PC,178
2025-06-04T18:49:00,no.email@nope.com,iPhone,172
2025-06-04T22:06:00,roni752@yahoo.com,MacBook-Pro,143
2025-06-05T09:10:00,ori928@gmail.com,Galaxy,360
2025-06-05T14:01:00,test@test.com,Unknown,55
2025-06-05T17:28:00,free.wifi@gmail.com,iPhone,144
2025-06-05T19:04:00,free.wifi@gmail.com,PC,125
2025-06-06T08:34:00,fake@email.com,Unknown,160
2025-06-06T17:36:00,danny527@walla.co.il,Galaxy,71
2025-06-06T20:49:00,alon146@yahoo.com,הראל-iPhone,61
2025-06-07T10:09:00,free.wifi@gmail.com,Unknown,33
2025-06-07T17:30:00,alon328@hotmail.com,MacBook-Pro,139
2025-06-07T20:43:00,nir299@hotmail.com,MacBook-Pro,45
2025-06-09T07:51:00,free.wifi@gmail.com,android-xxxx,34
2025-06-09T09:40:00,tomer375@gmail.com,Galaxy,29
2025-06-09T20:32:00,yael337@gmail.com,הילה-iPhone,174
2025-06-10T18:00:00,nir250@hotmail.com,Pixel,285
2025-06-11T14:23:00,nir242@gmail.com,Surface,208
2025-06-12T08:33:00,yossi513@gmail.com,Surface,346
2025-06-12T20:40:00,tal47@walla.co.il,iPad,38
2025-06-12T20:50:00,yossi688@yahoo.com,iPhone,155
2025-06-12T21:35:00,omer274@gmail.com,Surface,48
2025-06-13T08:11:00,ori890@gmail.com,iPhone,15
2025-06-13T21:30:00,rotem101@gmail.com,MacBook-Pro,148
2025-06-14T08:01:00,david693@gmail.com,iPhone,80
2025-06-14T12:28:00,yossi513@gmail.com,iPhone,48
2025-06-14T18:33:00,yael513@yahoo.com,Lenovo,268
2025-06-15T11:43:00,x@x.com,iPhone,39
2025-06-15T15:24:00,omer274@gmail.com,Galaxy,41
2025-06-15T20:14:00,a@a.com,Unknown,53
2025-06-16T09:45:00,yael217@icloud.com,MacBook-Pro,222
2025-06-16T09:45:00,yael512@gmail.com,Pixel,83
2025-06-16T19:32:00,hila552@gmail.com,Surface,82
2025-06-17T20:25:00,ori928@gmail.com,MacBook-Pro,71
2025-06-18T12:06:00,omer302@icloud.com,Lenovo,36
2025-06-18T13:29:00,1@1.com,iPhone,64
2025-06-20T08:28:00,nope@nope.com,iPhone,30
2025-06-20T11:52:00,noa53@hotmail.com,iPad,130
2025-06-20T12:40:00,roni752@yahoo.com,רוני-iPhone,356
2025-06-20T13:43:00,tal991@outlook.com,תמר-iPhone,143
2025-06-20T15:09:00,noa449@hotmail.com,iPad,155
2025-06-21T08:08:00,x@x.com,iPhone,174
2025-06-21T10:59:00,michal841@gmail.com,MacBook-Pro,249
2025-06-22T12:01:00,hila28@walla.co.il,שירה-iPhone,34
2025-06-22T15:51:00,1@1.com,android-xxxx,12
2025-06-22T20:07:00,rinat988@hotmail.com,iPad,76
2025-06-22T20:30:00,ori890@gmail.com,iPhone,276
2025-06-22T20:43:00,shai937@walla.co.il,Lenovo,193
2025-06-23T08:42:00,roni119@outlook.com,Lenovo,157
2025-06-23T14:51:00,yossi504@gmail.com,iPad,194
2025-06-24T13:42:00,rotem988@gmail.com,Lenovo,254
2025-06-24T13:47:00,tomer972@gmail.com,Galaxy,308
2025-06-24T19:06:00,david693@gmail.com,Surface,191
2025-06-24T20:55:00,user@example.com,Unknown,32
2025-06-25T07:37:00,shai489@walla.co.il,iPad,259
2025-06-25T18:30:00,1@1.com,Unknown,45
2025-06-25T22:13:00,tomer704@icloud.com,Lenovo,73
2025-06-26T13:12:00,rotem988@gmail.com,iPad,50
2025-06-27T16:45:00,1@1.com,iPhone,5
2025-06-27T19:05:00,no.email@nope.com,iPhone,131
2025-06-27T19:25:00,tal991@outlook.com,iPhone,256
2025-06-27T20:45:00,1@1.com,PC,76
2025-06-28T09:55:00,shai993@gmail.com,iPhone,228
2025-06-28T13:12:00,nir702@gmail.com,iPhone,204
2025-06-28T18:54:00,amit940@gmail.com,MacBook-Pro,165
2025-06-28T20:30:00,rotem498@icloud.com,Lenovo,289
2025-06-28T22:40:00,hila943@icloud.com,ליבי-iPhone,44
2025-06-29T12:25:00,hila142@outlook.com,שלמה-iPhone,19
2025-06-29T21:26:00,dor10@icloud.com,Surface,18
2025-06-30T16:45:00,fake@email.com,PC,33
2025-06-30T18:39:00,no.email@nope.com,android-xxxx,22
2025-07-01T08:49:00,rinat988@hotmail.com,Pixel,92
2025-07-02T12:11:00,rinat988@hotmail.com,iPhone,47
2025-07-02T20:22:00,david693@gmail.com,iPhone,353
2025-07-03T13:07:00,danny450@gmail.com,iPad,160
2025-07-03T14:04:00,x@x.com,iPhone,100
2025-07-04T09:57:00,arnon729@hotmail.com,iPhone,324
2025-07-04T18:47:00,dor781@gmail.com,תמר-iPhone,136
2025-07-04T19:24:00,tomer502@hotmail.com,MacBook-Pro,256
2025-07-05T08:56:00,tomer375@gmail.com,iPad,39
2025-07-05T22:45:00,david892@hotmail.com,אסתר-iPhone,172
2025-07-06T09:25:00,shira825@yahoo.com,MacBook-Pro,135
2025-07-06T10:57:00,x@x.com,Unknown,88
2025-07-06T11:33:00,nir148@icloud.com,iPad,69
2025-07-06T15:22:00,ori890@gmail.com,Surface,141
2025-07-06T16:25:00,danny351@gmail.com,Surface,332
2025-07-06T17:19:00,dor781@gmail.com,Galaxy,64
2025-07-06T18:05:00,guy993@gmail.com,Galaxy,106
2025-07-07T18:51:00,david693@gmail.com,iPhone,335
2025-07-08T07:59:00,test@test.com,iPhone,16
2025-07-08T11:54:00,tomer972@gmail.com,שחר-iPhone,209
2025-07-08T12:27:00,tal416@gmail.com,Surface,62
2025-07-08T12:36:00,nir981@icloud.com,Galaxy,22
2025-07-08T18:12:00,fake@email.com,PC,19
2025-07-08T21:39:00,nir242@gmail.com,Lenovo,278
2025-07-08T22:20:00,roni696@gmail.com,Pixel,210
2025-07-09T10:38:00,hila482@hotmail.com,Surface,71
2025-07-09T11:57:00,rinat449@hotmail.com,iPhone,312
2025-07-09T21:05:00,yael414@gmail.com,iPhone,255
2025-07-10T08:44:00,amit940@gmail.com,Galaxy,354
2025-07-11T07:59:00,a@a.com,iPhone,32
2025-07-11T14:32:00,dor10@icloud.com,Pixel,152
2025-07-12T09:49:00,danny670@gmail.com,Lenovo,347
2025-07-12T12:36:00,danny351@gmail.com,Surface,52
2025-07-12T15:59:00,david339@gmail.com,Lenovo,257
2025-07-12T18:24:00,shai894@gmail.com,MacBook-Pro,19
2025-07-12T22:04:00,maya492@gmail.com,עינת-iPhone,84
2025-07-13T10:17:00,no.email@nope.com,PC,139
2025-07-13T14:01:00,rotem101@gmail.com,iPhone,300
2025-07-13T15:03:00,nir429@gmail.com,יסמין-iPhone,142
2025-07-13T17:56:00,yael664@gmail.com,Galaxy,80
2025-07-13T22:53:00,shai993@gmail.com,MacBook-Pro,85
2025-07-14T08:59:00,tomer704@icloud.com,שגיא-iPhone,235
2025-07-14T10:21:00,arnon162@gmail.com,iPad,171
2025-07-14T21:19:00,maya492@gmail.com,Lenovo,160
2025-07-15T12:25:00,noa469@gmail.com,Lenovo,57
2025-07-15T15:40:00,danny670@gmail.com,Lenovo,203
2025-07-16T19:25:00,amit85@yahoo.com,Pixel,120
2025-07-17T13:31:00,asdf@asdf.com,iPhone,58
2025-07-17T18:20:00,amit840@gmail.com,Lenovo,232
2025-07-17T21:55:00,1@1.com,android-xxxx,107
2025-07-18T07:58:00,yossi688@yahoo.com,Surface,145
2025-07-18T19:18:00,danny972@yahoo.com,MacBook-Pro,76
2025-07-18T19:44:00,a@a.com,PC,114
2025-07-18T21:42:00,noa420@hotmail.com,Galaxy,193
2025-07-19T10:20:00,omer274@gmail.com,MacBook-Pro,226
2025-07-20T08:21:00,amit447@icloud.com,iPhone,67
2025-07-20T12:52:00,ori918@hotmail.com,Galaxy,254
2025-07-20T16:52:00,noa53@hotmail.com,MacBook-Pro,26
2025-07-20T19:04:00,shai937@walla.co.il,Pixel,159
2025-07-21T11:25:00,test@test.com,PC,137
2025-07-21T13:04:00,noa998@gmail.com,MacBook-Pro,51
2025-07-22T07:34:00,nir148@icloud.com,Lenovo,176
2025-07-22T10:55:00,dor10@icloud.com,Pixel,306
2025-07-22T13:19:00,maya460@yahoo.com,Surface,208
2025-07-22T18:24:00,maya492@gmail.com,Lenovo,172
2025-07-23T08:00:00,maya141@yahoo.com,Pixel,73
2025-07-23T09:33:00,noa981@walla.co.il,iPad,231
2025-07-23T14:14:00,shai926@walla.co.il,iPad,257
2025-07-24T09:01:00,danny972@yahoo.com,iPad,98
2025-07-24T12:52:00,omer302@icloud.com,iPhone,200
2025-07-25T17:00:00,ori510@hotmail.com,Surface,123
2025-07-25T20:38:00,rotem101@gmail.com,Pixel,91
2025-07-26T17:33:00,yossi599@gmail.com,MacBook-Pro,238
2025-07-27T22:11:00,x@x.com,iPhone,161
2025-07-28T15:07:00,tomer375@gmail.com,Lenovo,268
2025-07-29T16:20:00,yael512@gmail.com,iPhone,335
2025-07-29T21:54:00,hila719@hotmail.com,שגיא-iPhone,30
2025-07-30T17:55:00,noa687@hotmail.com,Galaxy,339
2025-07-30T18:22:00,michal841@gmail.com,Surface,282
2025-07-31T08:51:00,test@test.com,android-xxxx,19
2025-07-31T21:42:00,asdf@asdf.com,android-xxxx,152
2025-08-01T07:15:00,alon607@hotmail.com,Lenovo,189
2025-08-01T18:40:00,alon607@hotmail.com,iPad,92
2025-08-01T22:47:00,arnon888@icloud.com,Pixel,33
2025-08-02T13:19:00,nope@nope.com,Unknown,81
2025-08-04T12:38:00,nir702@gmail.com,Surface,125
2025-08-04T20:29:00,test@test.com,Unknown,112
2025-08-04T22:46:00,michal558@yahoo.com,Lenovo,110
2025-08-05T10:46:00,yossi504@gmail.com,iPhone,205
2025-08-05T12:17:00,guy205@walla.co.il,Galaxy,282
2025-08-05T21:02:00,guy45@yahoo.com,iPhone,252
2025-08-06T11:01:00,nope@nope.com,PC,35
2025-08-06T13:17:00,ori918@hotmail.com,Galaxy,68
2025-08-06T19:48:00,michal568@gmail.com,Pixel,181
2025-08-07T08:19:00,ori890@gmail.com,Galaxy,152
2025-08-07T14:29:00,noa998@gmail.com,Surface,66
2025-08-07T16:36:00,tal416@gmail.com,iPhone,297
2025-08-07T21:29:00,roni696@gmail.com,Surface,224
2025-08-08T10:21:00,michal558@yahoo.com,iPhone,247
2025-08-08T18:11:00,michal841@gmail.com,MacBook-Pro,292
2025-08-09T13:09:00,user@example.com,PC,135
2025-08-09T16:57:00,noa704@hotmail.com,Pixel,328
2025-08-09T18:42:00,test@test.com,Unknown,69
2025-08-09T22:12:00,omer669@icloud.com,Galaxy,285
2025-08-10T07:37:00,yael664@gmail.com,הדס-iPhone,143
2025-08-10T13:25:00,noa420@hotmail.com,אריאל-iPhone,48
2025-08-11T19:01:00,nir649@icloud.com,iPad,54
2025-08-12T13:31:00,noa981@yahoo.com,Galaxy,289
2025-08-12T19:18:00,michal841@gmail.com,Surface,339
2025-08-12T20:41:00,noa687@hotmail.com,iPhone,118
2025-08-13T18:51:00,nir429@gmail.com,Lenovo,272
2025-08-13T20:40:00,user@example.com,Unknown,150
2025-08-14T12:16:00,nope@nope.com,iPhone,131
2025-08-14T13:40:00,dor964@outlook.com,תמר-iPhone,37
2025-08-14T20:16:00,tomer882@gmail.com,iPhone,266
2025-08-14T20:32:00,tomer502@hotmail.com,Surface,94
2025-08-15T11:49:00,hila719@hotmail.com,iPhone,279
2025-08-16T07:18:00,guy205@walla.co.il,Galaxy,94
2025-08-16T18:14:00,maya460@yahoo.com,iPhone,253
2025-08-17T10:05:00,yael664@gmail.com,iPhone,32
2025-08-17T20:38:00,nope@nope.com,iPhone,164
2025-08-18T10:58:00,amit85@yahoo.com,Surface,49
2025-08-18T13:17:00,tomer502@hotmail.com,Lenovo,55
2025-08-19T10:02:00,nir702@gmail.com,iPad,111
2025-08-19T14:12:00,amit447@icloud.com,Pixel,306
2025-08-19T21:09:00,roni119@outlook.com,דניאלה-iPhone,60
2025-08-21T07:27:00,maya368@hotmail.com,iPhone,180
2025-08-21T10:09:00,lior305@outlook.com,Surface,225
2025-08-21T18:11:00,x@x.com,android-xxxx,81
2025-08-21T18:18:00,asdf@asdf.com,Unknown,132
2025-08-22T14:23:00,arnon162@gmail.com,אופק-iPhone,353
2025-08-22T22:02:00,hila482@hotmail.com,MacBook-Pro,301
2025-08-23T10:06:00,rinat988@hotmail.com,Galaxy,302
2025-08-23T12:36:00,shai937@walla.co.il,MacBook-Pro,241
2025-08-23T14:04:00,ori510@hotmail.com,Pixel,347
2025-08-23T15:00:00,a@a.com,iPhone,133
2025-08-23T19:58:00,danny336@hotmail.com,MacBook-Pro,306
2025-08-24T08:05:00,test@test.com,iPhone,171
2025-08-24T10:08:00,fake@email.com,android-xxxx,154
2025-08-24T11:53:00,amit940@gmail.com,Surface,139
2025-08-24T12:52:00,noa998@gmail.com,MacBook-Pro,111
2025-08-24T17:19:00,maya117@yahoo.com,עמרי-iPhone,69
2025-08-24T20:36:00,hila28@walla.co.il,Surface,151
2025-08-24T22:29:00,yael886@gmail.com,Pixel,319
2025-08-25T08:47:00,michal448@outlook.com,Galaxy,162
2025-08-25T09:05:00,maya141@yahoo.com,iPad,239
2025-08-25T11:15:00,hila907@yahoo.com,MacBook-Pro,168
2025-08-25T18:59:00,tal368@yahoo.com,iPad,242
2025-08-27T08:22:00,free.wifi@gmail.com,android-xxxx,109
2025-08-27T21:41:00,noa420@hotmail.com,Lenovo,70
2025-08-28T11:05:00,rinat449@hotmail.com,תהילה-iPhone,286
2025-08-29T13:09:00,maya492@gmail.com,iPad,17
2025-08-30T18:38:00,rinat449@hotmail.com,iPhone,17
2025-08-31T13:03:00,tomer704@icloud.com,iPad,26
2025-08-31T15:37:00,yael513@yahoo.com,Surface,341
2025-09-01T07:57:00,shai894@gmail.com,iPhone,359
2025-09-01T12:38:00,omer568@gmail.com,Pixel,315
2025-09-01T13:28:00,lior305@outlook.com,Galaxy,204
2025-09-01T15:36:00,danny972@yahoo.com,Surface,61
2025-09-01T17:48:00,x@x.com,android-xxxx,31
2025-09-02T09:07:00,amit840@gmail.com,Surface,157
2025-09-02T12:01:00,rinat363@walla.co.il,MacBook-Pro,202
2025-09-02T17:41:00,ori918@hotmail.com,Surface,209
2025-09-02T22:17:00,fake@email.com,PC,62
2025-09-03T11:17:00,test@test.com,Unknown,14
2025-09-04T09:21:00,roni752@yahoo.com,iPhone,326
2025-09-04T11:41:00,noa853@outlook.com,iPad,238
2025-09-04T13:05:00,fake@email.com,iPhone,124
2025-09-04T14:15:00,shira958@gmail.com,iPad,102
2025-09-04T16:36:00,shai993@gmail.com,Lenovo,187
2025-09-04T17:51:00,omer302@icloud.com,Surface,120
2025-09-04T17:55:00,test@test.com,Unknown,154
2025-09-04T20:38:00,amit840@gmail.com,מאי-iPhone,85
2025-09-05T08:03:00,rinat181@walla.co.il,תומר-iPhone,62
2025-09-05T11:11:00,rotem42@gmail.com,iPad,95
2025-09-05T20:33:00,amit85@yahoo.com,iPhone,100
2025-09-06T10:00:00,shai489@walla.co.il,iPhone,151
2025-09-07T08:22:00,maya117@yahoo.com,iPhone,330
2025-09-07T12:32:00,nir279@gmail.com,Galaxy,245
2025-09-07T19:31:00,arnon888@icloud.com,Lenovo,133
2025-09-08T10:33:00,noa449@hotmail.com,שירלי-iPhone,307
2025-09-08T14:01:00,danny670@gmail.com,Lenovo,155
2025-09-08T16:44:00,danny670@gmail.com,MacBook-Pro,349
2025-09-09T07:26:00,asdf@asdf.com,PC,165
2025-09-09T11:35:00,noa704@hotmail.com,Lenovo,42
2025-09-09T12:07:00,arnon729@hotmail.com,iPad,67
2025-09-10T07:27:00,rinat953@walla.co.il,MacBook-Pro,260
2025-09-10T13:00:00,dor10@icloud.com,iPad,341
2025-09-11T08:13:00,test@test.com,android-xxxx,124
2025-09-11T09:10:00,amit85@yahoo.com,Lenovo,275
2025-09-11T11:14:00,a@a.com,iPhone,165
2025-09-11T14:58:00,omer302@icloud.com,iPhone,342
2025-09-11T16:45:00,noa53@hotmail.com,Surface,45
2025-09-11T18:58:00,x@x.com,PC,30
2025-09-11T19:39:00,david693@gmail.com,אורי-iPhone,160
2025-09-11T20:32:00,user@example.com,android-xxxx,69
2025-09-12T10:25:00,rinat953@walla.co.il,iPhone,330
2025-09-12T10:40:00,amit767@gmail.com,Lenovo,272
2025-09-12T14:41:00,fake@email.com,PC,127
2025-09-12T22:34:00,amit840@gmail.com,iPad,211
2025-09-13T08:17:00,nope@nope.com,PC,81
2025-09-13T10:09:00,alon607@hotmail.com,סיגל-iPhone,186
2025-09-13T10:56:00,david78@gmail.com,אבי-iPhone,28
2025-09-13T17:07:00,nir702@gmail.com,Surface,149
2025-09-13T18:59:00,amit872@yahoo.com,Pixel,54
2025-09-13T20:28:00,hila482@hotmail.com,Lenovo,228
2025-09-14T09:50:00,roni696@gmail.com,Pixel,131
2025-09-14T13:20:00,dor406@gmail.com,Surface,197
2025-09-14T13:50:00,guy45@yahoo.com,MacBook-Pro,206
2025-09-14T22:10:00,dor10@icloud.com,iPad,352
2025-09-15T10:17:00,nir148@icloud.com,Lenovo,338
2025-09-15T12:48:00,a@a.com,Unknown,30
2025-09-15T13:22:00,no.email@nope.com,PC,136
2025-09-16T17:26:00,danny336@hotmail.com,Lenovo,99
2025-09-16T21:25:00,test@test.com,Unknown,81
2025-09-17T09:27:00,tomer502@hotmail.com,Lenovo,174
2025-09-17T10:10:00,guy678@yahoo.com,Galaxy,120
2025-09-17T21:16:00,danny351@gmail.com,iPhone,332
2025-09-18T18:31:00,yael513@yahoo.com,Lenovo,106
2025-09-18T19:07:00,omer274@gmail.com,Pixel,46
2025-09-18T22:13:00,yael513@yahoo.com,Galaxy,255
2025-09-19T13:30:00,free.wifi@gmail.com,iPhone,79
2025-09-20T13:31:00,danny972@yahoo.com,Lenovo,213
2025-09-20T18:08:00,1@1.com,iPhone,18
2025-09-21T08:59:00,maya117@yahoo.com,Lenovo,331
2025-09-21T11:26:00,omer669@icloud.com,Galaxy,264
2025-09-21T21:42:00,hila907@yahoo.com,MacBook-Pro,24
2025-09-22T17:28:00,rinat652@gmail.com,MacBook-Pro,188
2025-09-22T17:37:00,michal558@yahoo.com,iPad,70
2025-09-23T10:48:00,yael217@icloud.com,iPad,352
2025-09-24T07:28:00,nir702@gmail.com,MacBook-Pro,339
2025-09-24T16:13:00,nir547@gmail.com,Galaxy,276
2025-09-25T13:48:00,roni119@outlook.com,Lenovo,272
2025-09-25T15:59:00,asdf@asdf.com,android-xxxx,160
2025-09-25T18:38:00,tomer525@outlook.com,iPad,65
2025-09-26T13:42:00,rinat996@walla.co.il,Pixel,109
2025-09-26T16:44:00,ori890@gmail.com,iPad,128
2025-09-27T17:58:00,michal448@outlook.com,Lenovo,250
2025-09-27T20:49:00,nir981@icloud.com,Lenovo,359
2025-09-28T08:21:00,test@test.com,Unknown,125
2025-09-30T19:37:00,noa981@walla.co.il,Pixel,225
2025-10-01T07:00:00,hila325@icloud.com,Surface,74
2025-10-01T11:02:00,dor781@gmail.com,MacBook-Pro,113
2025-10-01T14:18:00,guy323@gmail.com,iPhone,342
2025-10-01T17:25:00,shai125@gmail.com,iPhone,266
2025-10-01T18:44:00,tomer882@gmail.com,Galaxy,177
2025-10-01T19:10:00,shai205@gmail.com,Galaxy,358
2025-10-01T19:43:00,test@test.com,PC,18
2025-10-02T13:54:00,tomer972@gmail.com,Surface,231
2025-10-03T09:50:00,shai894@gmail.com,Galaxy,290
2025-10-04T10:18:00,maya117@yahoo.com,Pixel,262
2025-10-04T12:50:00,guy45@yahoo.com,iPad,290
2025-10-05T16:21:00,1@1.com,PC,14
2025-10-07T20:30:00,tomer882@gmail.com,iPad,157
2025-10-09T09:08:00,maya460@yahoo.com,Galaxy,166
2025-10-09T11:07:00,free.wifi@gmail.com,Unknown,162
2025-10-09T15:57:00,amit85@yahoo.com,עידו-iPhone,202
2025-10-10T10:10:00,guy323@gmail.com,iPad,38
2025-10-10T13:40:00,rinat181@walla.co.il,iPhone,138
2025-10-10T16:33:00,nir547@gmail.com,עמית-iPhone,340
2025-10-11T10:23:00,danny336@hotmail.com,Galaxy,68
2025-10-11T12:02:00,ori928@gmail.com,Lenovo,28
2025-10-11T13:07:00,fake@email.com,android-xxxx,14
2025-10-11T14:11:00,dor964@outlook.com,iPad,26
2025-10-11T15:58:00,guy205@walla.co.il,Pixel,131
2025-10-11T19:46:00,nope@nope.com,PC,113
2025-10-12T21:51:00,yael217@icloud.com,נועה-iPhone,77
2025-10-13T12:19:00,free.wifi@gmail.com,iPhone,21
2025-10-13T14:42:00,x@x.com,Unknown,24
2025-10-13T22:08:00,amit940@gmail.com,Galaxy,45
2025-10-14T09:12:00,roni119@outlook.com,iPhone,306
2025-10-15T09:24:00,nope@nope.com,android-xxxx,139
2025-10-15T14:31:00,rinat988@hotmail.com,Pixel,189
2025-10-16T12:26:00,nir649@icloud.com,MacBook-Pro,176
2025-10-16T17:29:00,a@a.com,iPhone,173
2025-10-16T19:00:00,1@1.com,iPhone,13
2025-10-17T12:04:00,dor10@icloud.com,MacBook-Pro,48
2025-10-17T12:12:00,hila943@icloud.com,Surface,145
2025-10-18T13:11:00,nir279@gmail.com,iPad,45
2025-10-18T20:28:00,guy45@yahoo.com,Galaxy,340
2025-10-18T21:34:00,a@a.com,PC,116
2025-10-18T22:27:00,shira748@icloud.com,iPad,192
2025-10-19T19:13:00,maya117@yahoo.com,Pixel,344
2025-10-19T22:46:00,noa998@gmail.com,MacBook-Pro,346
2025-10-20T07:47:00,tomer375@gmail.com,iPad,231
2025-10-20T08:08:00,michal80@gmail.com,Lenovo,59
2025-10-20T12:26:00,david78@gmail.com,Galaxy,141
2025-10-20T12:59:00,maya460@yahoo.com,ניר-iPhone,145
2025-10-20T16:35:00,roni119@outlook.com,Galaxy,344
2025-10-20T19:20:00,noa981@yahoo.com,Galaxy,265
2025-10-21T15:10:00,user@example.com,PC,65
2025-10-21T19:51:00,noa981@yahoo.com,iPad,334
2025-10-22T08:05:00,rinat953@walla.co.il,Pixel,298
2025-10-23T07:19:00,tomer972@gmail.com,iPhone,317
2025-10-23T20:08:00,yossi599@gmail.com,Surface,103
2025-10-24T10:07:00,free.wifi@gmail.com,Unknown,32
2025-10-24T17:39:00,omer302@icloud.com,Pixel,229
2025-10-24T17:53:00,1@1.com,Unknown,115
2025-10-25T08:42:00,amit767@gmail.com,Pixel,230
2025-10-26T07:31:00,x@x.com,PC,33
2025-10-26T07:40:00,asdf@asdf.com,android-xxxx,13
2025-10-26T11:09:00,yael337@gmail.com,Lenovo,173
2025-10-26T16:10:00,x@x.com,PC,115
2025-10-27T09:49:00,yossi507@outlook.com,iPhone,73
2025-10-27T19:51:00,yossi371@walla.co.il,iPad,231
2025-10-27T21:24:00,roni752@yahoo.com,iPad,272
2025-10-28T07:14:00,roni752@yahoo.com,iPhone,330
2025-10-28T07:36:00,michal568@gmail.com,iPhone,86
2025-10-28T08:18:00,dor406@gmail.com,MacBook-Pro,92
2025-10-28T13:12:00,dor781@gmail.com,Lenovo,65
2025-10-28T17:58:00,rotem42@gmail.com,Lenovo,82
2025-10-28T21:48:00,yossi507@outlook.com,Lenovo,334
2025-10-29T19:55:00,hila482@hotmail.com,Pixel,314
2025-10-29T20:03:00,ori94@walla.co.il,Pixel,160
2025-10-29T20:17:00,nope@nope.com,android-xxxx,15
2025-10-30T17:48:00,nope@nope.com,PC,172
2025-10-31T10:03:00,free.wifi@gmail.com,iPhone,6
2025-11-01T11:35:00,maya492@gmail.com,MacBook-Pro,146
2025-11-02T07:48:00,rinat181@walla.co.il,Pixel,111
2025-11-02T13:04:00,rotem498@icloud.com,MacBook-Pro,180
2025-11-03T15:44:00,amit85@yahoo.com,MacBook-Pro,163
2025-11-04T17:21:00,dor10@icloud.com,MacBook-Pro,307
2025-11-04T17:37:00,user@example.com,android-xxxx,152
2025-11-04T21:48:00,yael664@gmail.com,Galaxy,335
2025-11-05T13:37:00,tomer525@outlook.com,אופק-iPhone,157
2025-11-05T16:55:00,shira825@yahoo.com,Galaxy,223
2025-11-05T17:18:00,yael337@gmail.com,הילה-iPhone,19
2025-11-06T20:21:00,nir242@gmail.com,רועי-iPhone,190
2025-11-06T21:43:00,hila943@icloud.com,MacBook-Pro,145
2025-11-07T09:09:00,rinat652@gmail.com,Lenovo,64
2025-11-07T12:36:00,no.email@nope.com,iPhone,38
2025-11-07T13:45:00,michal80@gmail.com,MacBook-Pro,281
2025-11-07T14:19:00,tomer502@hotmail.com,Pixel,310
2025-11-08T07:07:00,nope@nope.com,iPhone,72
2025-11-08T22:33:00,user@example.com,Unknown,179
2025-11-09T08:22:00,nir242@gmail.com,רועי-iPhone,66
2025-11-09T11:44:00,nir250@hotmail.com,Surface,243
2025-11-09T16:25:00,1@1.com,Unknown,144
2025-11-10T08:25:00,nope@nope.com,PC,131
2025-11-10T09:22:00,michal80@gmail.com,Surface,258
2025-11-10T12:26:00,michal448@outlook.com,iPad,106
2025-11-10T15:07:00,test@test.com,Unknown,118
2025-11-11T17:11:00,nir299@hotmail.com,iPhone,44
2025-11-12T13:54:00,tal47@walla.co.il,Pixel,91
2025-11-12T15:23:00,nope@nope.com,iPhone,172
2025-11-13T09:36:00,user@example.com,Unknown,38
2025-11-13T19:04:00,test@test.com,Unknown,45
2025-11-14T16:41:00,guy45@yahoo.com,MacBook-Pro,15
2025-11-15T20:04:00,noa469@gmail.com,Pixel,148
2025-11-15T21:20:00,yael886@gmail.com,MacBook-Pro,123
2025-11-16T17:23:00,danny351@gmail.com,Galaxy,226
2025-11-16T18:02:00,ori510@hotmail.com,Galaxy,126
2025-11-16T20:24:00,roni119@outlook.com,iPad,217
2025-11-17T08:33:00,hila907@yahoo.com,iPad,201
2025-11-17T10:55:00,nir279@gmail.com,MacBook-Pro,55
2025-11-17T13:05:00,noa853@outlook.com,Pixel,252
2025-11-17T20:04:00,yael664@gmail.com,Galaxy,43
2025-11-18T12:36:00,hila907@yahoo.com,Lenovo,124
2025-11-19T09:18:00,tal416@gmail.com,Lenovo,238
2025-11-20T09:28:00,a@a.com,Unknown,135
2025-11-20T13:37:00,lior16@gmail.com,Pixel,38
2025-11-21T09:04:00,alon146@yahoo.com,iPad,62
2025-11-21T18:55:00,michal80@gmail.com,iPhone,181
2025-11-21T21:51:00,a@a.com,android-xxxx,81
2025-11-22T15:48:00,lior16@gmail.com,Lenovo,154
2025-11-25T09:26:00,maya492@gmail.com,iPhone,78
2025-11-25T10:53:00,fake@email.com,Unknown,12
2025-11-25T12:40:00,danny527@walla.co.il,Lenovo,343
2025-11-25T20:51:00,yossi450@walla.co.il,iPad,129
2025-11-26T08:47:00,danny351@gmail.com,iPad,302
2025-11-26T13:56:00,nir250@hotmail.com,Lenovo,191
2025-11-26T16:20:00,yael229@gmail.com,iPhone,51
2025-11-26T17:24:00,yossi450@walla.co.il,Surface,349
2025-11-27T09:22:00,roni696@gmail.com,Galaxy,165
2025-11-27T09:55:00,roni119@outlook.com,MacBook-Pro,27
2025-11-27T20:19:00,yael217@icloud.com,MacBook-Pro,65
2025-11-27T20:43:00,user@example.com,iPhone,86
2025-11-27T21:02:00,fake@email.com,android-xxxx,124
2025-11-27T21:22:00,michal448@outlook.com,Pixel,215
2025-11-28T14:58:00,rotem101@gmail.com,Galaxy,251
2025-11-29T07:39:00,amit767@gmail.com,Surface,68
2025-11-29T11:07:00,danny351@gmail.com,Lenovo,35
2025-11-29T15:13:00,dor781@gmail.com,Surface,59
2025-11-29T19:49:00,nir250@hotmail.com,iPad,169
2025-11-30T19:59:00,hila943@icloud.com,Surface,141
2025-12-01T14:24:00,amit840@gmail.com,Surface,296
2025-12-01T15:55:00,yael512@gmail.com,iPad,241
2025-12-02T08:14:00,asdf@asdf.com,Unknown,52
2025-12-02T16:14:00,arnon729@hotmail.com,Surface,72
2025-12-02T16:46:00,nir279@gmail.com,Surface,102
2025-12-03T07:15:00,roni31@hotmail.com,Pixel,38
2025-12-03T07:21:00,yael886@gmail.com,iPhone,350
2025-12-03T22:19:00,noa853@outlook.com,דניאלה-iPhone,359
2025-12-04T09:06:00,shira958@gmail.com,Surface,29
2025-12-04T10:46:00,michal80@gmail.com,Surface,165
2025-12-04T12:41:00,shira825@yahoo.com,iPhone,263
2025-12-04T15:19:00,dor10@icloud.com,Surface,359
2025-12-04T18:21:00,michal568@gmail.com,iPad,229
2025-12-04T21:08:00,tomer525@outlook.com,Lenovo,175
2025-12-05T08:38:00,yossi5@walla.co.il,Lenovo,101
2025-12-05T11:57:00,hila719@hotmail.com,iPhone,338
2025-12-05T13:00:00,michal80@gmail.com,אורה-iPhone,23
2025-12-05T16:26:00,hila719@hotmail.com,Surface,298
2025-12-05T21:11:00,yossi507@outlook.com,MacBook-Pro,216
2025-12-05T21:17:00,hila907@yahoo.com,Surface,304
2025-12-06T08:15:00,tomer525@outlook.com,iPhone,111
2025-12-06T09:10:00,yael513@yahoo.com,Surface,345
2025-12-07T08:06:00,yossi807@icloud.com,iPad,282
2025-12-07T08:38:00,nir148@icloud.com,נועה-iPhone,173
2025-12-07T11:59:00,michal122@gmail.com,Lenovo,61
2025-12-08T10:37:00,free.wifi@gmail.com,iPhone,175
2025-12-08T17:10:00,noa981@yahoo.com,Pixel,201
2025-12-08T20:12:00,yael780@outlook.com,Lenovo,67
2025-12-08T22:27:00,fake@email.com,Unknown,50
2025-12-09T07:43:00,dor781@gmail.com,MacBook-Pro,184
2025-12-11T21:10:00,shira958@gmail.com,Lenovo,74
2025-12-12T08:44:00,x@x.com,android-xxxx,148
2025-12-12T14:11:00,yossi5@walla.co.il,Galaxy,202
2025-12-14T07:44:00,maya368@hotmail.com,Pixel,301
2025-12-14T11:24:00,noa338@walla.co.il,Surface,101
2025-12-14T18:34:00,test@test.com,android-xxxx,94
2025-12-14T19:30:00,nir429@gmail.com,MacBook-Pro,147
2025-12-14T20:09:00,amit872@yahoo.com,Pixel,334
2025-12-14T20:45:00,nir429@gmail.com,Lenovo,108
2025-12-14T21:14:00,michal80@gmail.com,Lenovo,219
2025-12-15T10:25:00,yael886@gmail.com,אדם-iPhone,317
2025-12-15T11:28:00,danny351@gmail.com,רוית-iPhone,277
2025-12-15T11:49:00,rinat652@gmail.com,MacBook-Pro,271
2025-12-15T21:09:00,nir148@icloud.com,Pixel,89
2025-12-15T21:54:00,1@1.com,Unknown,115
2025-12-17T10:34:00,yossi688@yahoo.com,iPad,241
2025-12-17T11:22:00,danny972@yahoo.com,Galaxy,203
2025-12-17T11:29:00,a@a.com,iPhone,164
2025-12-17T16:53:00,tal416@gmail.com,iPad,282
2025-12-17T18:29:00,fake@email.com,PC,124
2025-12-17T20:17:00,tomer704@icloud.com,Pixel,340
2025-12-17T21:37:00,fake@email.com,Unknown,146
2025-12-18T11:59:00,tal416@gmail.com,Lenovo,284
2025-12-19T12:44:00,rotem498@icloud.com,Surface,196
2025-12-19T14:10:00,fake@email.com,Unknown,47
2025-12-19T19:17:00,a@a.com,android-xxxx,154
2025-12-20T10:45:00,rinat988@hotmail.com,iPhone,239
2025-12-20T16:28:00,omer230@gmail.com,iPhone,321
2025-12-20T19:51:00,noa853@outlook.com,Pixel,59
2025-12-21T15:31:00,x@x.com,android-xxxx,57
2025-12-21T17:55:00,michal122@gmail.com,iPad,309
2025-12-21T19:52:00,rotem498@icloud.com,iPhone,302
2025-12-22T07:48:00,danny527@walla.co.il,iPhone,343
2025-12-22T10:50:00,danny670@gmail.com,MacBook-Pro,211
2025-12-23T07:56:00,ori9@yahoo.com,Lenovo,272
2025-12-23T08:53:00,omer230@gmail.com,Galaxy,214
2025-12-23T11:24:00,amit940@gmail.com,iPhone,232
2025-12-23T13:44:00,shai937@walla.co.il,Surface,64
2025-12-23T20:23:00,x@x.com,Unknown,54
2025-12-23T22:18:00,shai937@walla.co.il,MacBook-Pro,122
2025-12-23T22:37:00,amit829@gmail.com,iPhone,177
2025-12-24T10:37:00,free.wifi@gmail.com,iPhone,172
2025-12-24T10:53:00,lior16@gmail.com,MacBook-Pro,299
2025-12-24T16:30:00,guy205@walla.co.il,Surface,187
2025-12-24T17:37:00,1@1.com,iPhone,154
2025-12-24T20:01:00,arnon888@icloud.com,MacBook-Pro,162
2025-12-24T21:24:00,a@a.com,android-xxxx,55
2025-12-25T07:25:00,yael217@icloud.com,Lenovo,47
2025-12-25T08:59:00,noa53@hotmail.com,MacBook-Pro,264
2025-12-25T12:12:00,yael780@outlook.com,MacBook-Pro,132
2025-12-26T10:05:00,amit767@gmail.com,Galaxy,60
2025-12-28T07:44:00,hila943@icloud.com,MacBook-Pro,148
2025-12-29T15:19:00,ori9@yahoo.com,iPad,166
2025-12-29T20:47:00,rinat449@hotmail.com,Pixel,52
2025-12-30T11:20:00,maya141@yahoo.com,Lenovo,263
2025-12-30T21:16:00,guy993@gmail.com,Lenovo,146
2025-12-30T22:29:00,david78@gmail.com,Lenovo,72
2025-12-31T19:15:00,rinat652@gmail.com,iPad,327
2025-12-31T21:08:00,hila482@hotmail.com,Galaxy,123
