id,name,phone,email,first_visit,last_visit,visit_count,total_spent,favorite_item,notes,vip_status
C0001,אורי כהן,052-4744854,david693@gmail.com,2023-08-02,2025-12-04,186,9672,אמריקנו כפול,"עו""ד מהמשרד הסמוך. קורא עיתון על הנייר. בלי מוזיקה חזקה.",platinum
C0002,שירה לוי,050-4668136,hila28@walla.co.il,2023-04-24,2025-12-14,188,6768,פלט וויט חלב שקדים,מעצבת הלוגו. בת זוג של דניאל. הנחה קבועה.,platinum
C0003,דניאל לוי,054-4698379,amit829@gmail.com,2024-01-06,2025-12-21,359,24771,לאטה + קרואסון שוקולד,מתכנת. בן זוג של שירה. יושב עם לפטופ 2-3 שעות.,platinum
C0004,דוד אברהם,054-6708456,noa981@yahoo.com,2024-04-03,2025-12-26,220,17380,תה נענע + עוגת גזר,"גמלאי צה""ל. 5 שנים לקוח. רגיש לשינויים. אם לא מגיע - לבדוק.",platinum
C0005,ארנון פרץ,053-6770619,shira748@icloud.com,2020-07-28,2025-12-03,277,11357,אייס לאטה + סנדוויץ',פרילנסר. זום כל הזמן. Wi-Fi כבד אבל מוציא ₪70/ביקור.,gold
C0006,רינת ביטון,055-5918715,hila907@yahoo.com,2023-01-03,2025-12-04,276,11040,קפוצ'ינו ללא קפאין,אמא של תינוק. עם עגלה. שואלת על טבעוני.,gold
C0007,בן ביטון,053-3728882,noa687@hotmail.com,2022-04-04,2025-12-18,68,1904,ביסקוטי,,silver
C0008,משה ויס,053-1938483,shira825@yahoo.com,2022-12-17,2025-12-14,2,124,קפוצ'ינו,,none
C0009,מאור ליבוביץ,058-8187926,yossi371@walla.co.il,2023-10-07,2024-05-11,4,148,לאטה,,none
C0010,הילה סלע,054-9877065,tomer882@gmail.com,2022-04-07,2022-11-17,26,676,פלט וויט,,none
C0011,אסתר חיון,055-3997281,david892@hotmail.com,2023-11-28,2024-03-21,3,204,סנדוויץ' אבוקדו,,none
C0012,נדב כץ,053-5017343,,2022-11-27,2025-12-05,5,225,קפוצ'ינו,,none
C0013,גיא קליין,052-4374754,yossi688@yahoo.com,2022-05-22,2025-05-16,2,110,סנדוויץ' אבוקדו,,none
C0014,מאי בן חיים,050-1527021,danny527@walla.co.il,2023-04-06,2023-06-10,3,78,סלט קינואה,,none
C0015,עמרי דהן,054-1908841,rotem101@gmail.com,2025-03-15,2025-11-12,2,128,מאצ'ה לאטה,,none
C0016,ניר אדרי,055-2642635,,2023-01-25,2025-07-31,19,494,אמריקנו כפול,,none
C0017,איתן בן חיים,053-8633773,nir981@icloud.com,2022-12-07,2025-03-18,58,1856,אספרסו,אלרגיה לאגוזים,silver
C0018,אופק חזן,055-2140194,yael414@gmail.com,2022-04-28,2022-08-08,5,270,שייק בננה,,none
C0019,אהרן דניאל,053-7640184,,2022-03-23,2025-09-11,181,6335,עוגת שוקולד,,gold
C0020,תהילה ביטון,050-5098412,rinat449@hotmail.com,2022-01-20,2024-08-15,24,1296,פוקצ'ה,,none
C0021,רפי אורן,055-4533779,noa704@hotmail.com,2023-09-06,2025-07-16,64,4416,תה ירוק,,silver
C0022,אבי ויס,058-8175395,david78@gmail.com,2024-05-17,2025-02-24,1,38,קרואסון שוקולד,,none
C0023,אדם דהן,054-3592974,yael886@gmail.com,2022-03-27,2023-12-18,7,448,אייס לאטה,,none
C0024,רינת אטיאס,054-6866294,yael229@gmail.com,2023-11-12,2025-01-06,2,48,קרואסון חמאה,,none
C0025,מעיין ביטון,055-5453786,,2023-07-26,2024-07-19,185,5365,קרואסון שוקולד,,gold
C0026,רחל דניאל,055-4305700,danny972@yahoo.com,2024-11-13,2025-01-11,4,,ביסקוטי,,none
C0027,גיא זילברמן,054-3919694,tal416@gmail.com,2024-11-04,2025-04-11,4,120,אייס אמריקנו,,none
C0028,דנה דניאל,058-3846949,tal528@yahoo.com,2025-09-02,2025-10-13,4,208,ביסקוטי,אלרגיה לאגוזים,none
C0029,גילי אדרי,055-4262081,yossi507@outlook.com,2022-10-29,2022-12-18,91,2366,אמריקנו כפול,מגיע/ה עם כלב,silver
C0030,יהונתן סבן,058-9910914,hila325@icloud.com,2023-03-25,2023-09-21,5,145,סנדוויץ' אבוקדו,,none
C0031,חן עמר,053-8379837,,2022-11-22,2025-07-21,4,284,תה ירוק,,none
C0032,דניאלה שפירא,055-8816912,noa853@outlook.com,2022-06-15,2023-03-25,2,,שייק בננה,,none
C0033,איתן ברק,055-4700025,amit447@icloud.com,2024-02-19,2025-06-21,1,75,ביסקוטי,תמיד ליד החלון,none
C0034,אלין חדד,,arnon888@icloud.com,2024-08-15,2025-11-28,99,5841,מאצ'ה לאטה,ללא גלוטן,silver
C0035,נועם חזן,053-4761823,rotem42@gmail.com,2023-11-23,2024-12-15,84,,אייס אמריקנו,,silver
C0036,יעקב אוחיון,052-2921542,rinat988@hotmail.com,2023-05-04,2023-09-10,245,12495,שייק בננה,צמחוני,platinum
C0037,מורן ליבוביץ,050-1689025,guy678@yahoo.com,2023-02-11,2023-07-16,28,1148,אמריקנו כפול,טבעוני,none
C0038,סיגל פרידמן,055-9111742,alon607@hotmail.com,2024-06-06,2025-06-11,4,220,תה נענע,,none
C0039,שגיא עמר,053-6709938,hila719@hotmail.com,2023-05-15,2025-06-21,4,168,סנדוויץ' אבוקדו,,none
C0040,אבי בן חיים,050-5936453,nir250@hotmail.com,2024-04-12,2025-08-25,30,2010,קרואסון שוקולד,,none
C0041,חן שמש,052-6294016,,2023-12-06,2025-02-13,16,656,אייס לאטה,,none
C0042,עמית נוי,053-4010529,nir547@gmail.com,2024-09-18,2025-02-06,5,140,אספרסו,,none
C0043,לי דהן,054-2914064,yossi504@gmail.com,2025-07-30,2025-12-02,6,258,ביסקוטי,,none
C0044,נדב אוחיון,055-7381684,lior305@outlook.com,2025-02-26,2025-07-31,46,2760,סמוזי פירות יער,,silver
C0045,יעקב נוי,,hila482@hotmail.com,2022-07-23,2023-09-21,2,,שוקו חם,מגיע/ה עם כלב,none
C0046,תמר ישראלי,052-2198058,,2023-04-24,2025-11-25,3,108,סמוזי פירות יער,,none
C0047,שרה אזולאי,054-6407658,ori94@walla.co.il,2024-08-17,2025-08-04,28,1484,שייק בננה,,none
C0048,איתן ישראלי,055-8312936,shai993@gmail.com,2023-07-06,2025-02-15,30,1500,עוגת גזר,,none
C0049,דניאלה טוויל,054-2477398,roni119@outlook.com,2022-08-03,2023-06-28,19,893,אמריקנו כפול,,none
C0050,אורה פרץ,053-8350368,shai125@gmail.com,2023-01-20,2025-12-16,25,625,סמוזי פירות יער,,none
C0051,בן חדד,050-3583206,nir299@hotmail.com,2023-09-29,2025-04-15,1,75,סלט קינואה,,none
C0052,רוני פלד,054-6702160,omer274@gmail.com,2025-02-02,2025-04-17,96,2496,שוקו חם,,silver
C0053,ליבי עמר,052-7425184,guy45@yahoo.com,2025-01-08,2025-09-12,16,672,קרואסון חמאה,,none
C0054,אמה פישר,054-2672884,lior16@gmail.com,2025-08-28,2025-12-31,21,1239,פוקצ'ה,,none
C0055,יוסי צדוק,054-6312692,shai894@gmail.com,2023-06-27,2024-06-07,5,215,תה נענע,,none
C0056,גילי נוי,,tal368@yahoo.com,2022-07-05,2024-12-09,1,41,תה נענע,,none
C0057,כרמל ישראלי,054-5261032,dor10@icloud.com,2023-01-04,2023-12-18,8,424,ביסקוטי,,none
C0058,יוסי עמר,054-2789344,maya368@hotmail.com,2023-12-09,2025-08-01,3,123,שוקו חם,,none
C0059,רפי מלכה,052-6910964,,2023-07-17,2023-07-25,27,2025,ביסקוטי,תמיד ליד החלון,none
C0060,חיים פרידמן,053-7970985,,2025-07-09,2025-12-21,15,1020,סנדוויץ' אבוקדו,טבעוני,none
C0061,שני גולן,058-7667458,tomer375@gmail.com,2024-09-13,2025-10-30,29,754,אמריקנו כפול,,none
C0062,הדס אזולאי,055-6503032,yael664@gmail.com,2024-07-20,2025-08-01,264,7392,עוגת שוקולד,,platinum
C0063,מיה נחום,054-7224540,alon714@outlook.com,2022-08-27,2023-06-09,1,37,לאטה,,none
C0064,מיה פרידמן,053-2666893,michal558@yahoo.com,2024-09-29,2025-08-10,4,200,פלט וויט,אלרגיה לאגוזים,none
C0065,הילה טוויל,052-4623062,yael337@gmail.com,2023-03-11,2023-04-23,62,,סמוזי פירות יער,,silver
C0066,שגיא אוחיון,052-6431983,,2022-09-24,2025-10-04,45,,לאטה,,silver
C0067,אביבית אזולאי,050-9748499,rotem988@gmail.com,2022-05-11,2025-01-10,30,1500,עוגת גזר,ללא גלוטן,none
C0068,טל ליבוביץ,053-7390515,omer302@icloud.com,2024-06-27,2024-09-10,1,61,עוגת גזר,,none
C0069,אורון כהנא,050-6243691,dor262@yahoo.com,2022-08-23,2025-09-25,19,1406,ביסקוטי,,none
C0070,תמר אברהם,058-3050700,dor964@outlook.com,2022-06-24,2022-12-31,9,531,אספרסו,,none
C0071,ליאת זילברמן,055-7166651,,2023-12-22,2024-04-06,22,792,תה נענע,,none
C0072,חן ענבר,053-1102438,,2025-06-27,2025-12-01,5,330,קפוצ'ינו,ללא גלוטן,none
C0073,אופק ויס,055-2425342,arnon162@gmail.com,2022-03-04,2022-09-07,12,384,תה ירוק,,none
C0074,אמה סבן,058-9164342,tal47@walla.co.il,2024-09-21,2025-07-28,65,1885,סמוזי פירות יער,,silver
C0075,אורי אלבז,052-7378822,yael513@yahoo.com,2023-09-10,2024-04-13,2,44,אספרסו,מגיע/ה עם כלב,none
C0076,רינת פלד,,hila472@yahoo.com,2022-06-09,2024-03-11,19,760,תה נענע,מגיע/ה רק בבוקר,none
C0077,דנה מלכה,055-9555575,,2024-12-09,2025-01-18,4,,קרואסון שוקולד,,none
C0078,ניר פרידמן,054-8783840,maya460@yahoo.com,2022-10-27,2024-04-03,50,1300,פוקצ'ה,,silver
C0079,ליבי עמר,054-1630944,,2022-05-20,2025-01-04,26,1144,קפוצ'ינו,,none
C0080,יעקב דניאל,054-9411547,,2024-11-04,2025-05-19,36,2088,מאצ'ה לאטה,שואל/ת על אירועים,none
C0081,שחר חיון,053-7499771,roni696@gmail.com,2022-12-20,2023-03-10,28,1708,פוקצ'ה,,none
C0082,תמר טל,055-3372774,tal991@outlook.com,2022-07-13,2025-08-28,63,3780,שוקו חם,מגיע/ה רק בבוקר,silver
C0083,מיה פישר,053-9158272,,2023-11-04,2024-03-13,5,225,לאטה,,none
C0084,אורן פישר,052-3722056,,2022-07-27,2025-05-31,29,2059,סמוזי פירות יער,,none
C0085,גיא עמר,055-5012581,shai926@walla.co.il,2022-03-31,2024-07-19,27,1890,שייק בננה,,none
C0086,לאה ענבר,053-1875431,michal568@gmail.com,2023-08-01,2025-10-05,208,15392,סנדוויץ' אבוקדו,,platinum
C0087,אורן אברהם,050-7960815,,2022-11-25,2024-06-05,4,144,תה נענע,,none
C0088,הילה כץ,052-8870361,ori928@gmail.com,2023-04-05,2023-05-03,3,120,טוסט גבינות,מעדיף/ה שולחן בפינה,none
C0089,מאי ענבר,054-9993490,,2023-08-14,2024-04-13,9,648,תה נענע,,none
C0090,אורן סבן,055-9511546,omer568@gmail.com,2022-01-04,2025-06-16,13,351,סלט קינואה,,none
C0091,חיים לביא,058-6578736,,2024-02-04,2024-10-20,1,64,מאצ'ה לאטה,,none
C0092,יהונתן ישראלי,,,2024-08-09,2025-12-24,4,284,אספרסו,,none
C0093,טל רוזן,058-6568772,michal448@outlook.com,2024-03-26,2025-10-03,14,560,קרואסון חמאה,,none
C0094,יעל קליין,055-5928582,danny336@hotmail.com,2024-10-15,2025-04-21,14,686,סמוזי פירות יער,,none
C0095,שני כהנא,050-2258981,yossi373@gmail.com,2024-06-28,2025-06-22,258,10062,לאטה,,platinum
C0096,מיכל דהן,053-8448065,maya141@yahoo.com,2022-05-18,2023-09-13,3,93,פוקצ'ה,,none
C0097,רוני אזולאי,055-5791184,shai205@gmail.com,2022-02-23,2023-03-11,4,284,אייס לאטה,משלם תמיד בביט,none
C0098,הילה ישראלי,058-3920762,omer230@gmail.com,2023-10-17,2025-08-30,28,1148,לאטה,,none
C0099,אורון קליין,050-6189037,nir737@icloud.com,2022-02-23,2024-03-03,78,4446,עוגת גזר,,silver
C0100,איתי חזן,052-3164813,shira852@gmail.com,2025-08-08,2025-08-26,4,300,שוקו חם,,none
C0101,תומר חזן,055-9950276,,2023-04-07,2024-03-26,5,285,שייק בננה,,none
C0102,תומר טוויל,052-7989166,ori510@hotmail.com,2025-07-02,2025-12-03,3,189,שוקו חם,,none
C0103,רוני ישראלי,052-6244264,roni752@yahoo.com,2024-04-11,2025-02-09,8,416,לאטה,,none
C0104,ענבר אורן,054-8015136,rinat834@yahoo.com,2022-08-06,2024-05-20,20,620,מאצ'ה לאטה,,none
C0105,איתן חדד,052-6920597,,2024-10-17,2025-07-07,4,188,סמוזי פירות יער,,none
C0106,אביגיל שפירא,055-4265774,tal76@outlook.com,2022-01-17,2022-08-25,4,188,טוסט גבינות,,none
C0107,אפרת ישראלי,052-4339637,yossi513@gmail.com,2025-06-05,2025-07-05,81,3483,מאצ'ה לאטה,מגיע/ה עם כלב,silver
C0108,אביבית פלד,053-9511333,tomer502@hotmail.com,2022-11-02,2025-09-22,2,122,אמריקנו כפול,,none
C0109,עינת ישראלי,055-4817541,maya492@gmail.com,2022-08-13,2024-12-13,15,945,סמוזי פירות יער,,none
C0110,ליבי ישראלי,052-7884990,hila943@icloud.com,2023-05-12,2023-06-13,5,210,אספרסו,,none
C0111,דור אלבז,053-5435261,noa981@walla.co.il,2025-02-22,2025-08-07,181,9231,שוקו חם,,gold
C0112,אייל ענבר,053-5828304,,2023-08-15,2025-08-05,28,1596,קרואסון חמאה,,none
C0113,רוית ענבר,052-5548852,nir279@gmail.com,2022-10-27,2024-06-12,41,2583,תה נענע,מבקש/ת חם במיוחד,silver
C0114,ארנון טוויל,050-3649811,shai489@walla.co.il,2024-12-23,2025-04-17,2,104,שוקו חם,,none
C0115,אביגיל חיון,052-1609681,yossi807@icloud.com,2022-05-02,2022-11-01,13,312,אספרסו,צמחוני,none
C0116,אייל ברק,055-8852085,david339@gmail.com,2025-05-19,2025-06-15,15,795,פוקצ'ה,,none
C0117,נטע אטיאס,055-6501696,,2022-01-29,2023-12-20,24,1488,אייס לאטה,,none
C0118,רועי חזן,050-5388133,nir242@gmail.com,2023-05-24,2023-05-30,61,2623,עוגת שוקולד,,silver
C0119,שני מלכה,052-9022561,,2024-10-26,2025-10-21,46,1840,סמוזי פירות יער,,silver
C0120,אורה כהנא,055-8495187,michal80@gmail.com,2025-01-29,2025-09-27,5,350,אייס אמריקנו,לא אוהב/ת קפה חזק,none
C0121,תומר חזן,050-8607331,,2024-12-01,2025-07-15,27,729,שייק בננה,,none
C0122,אריאל פלד,058-2069713,shira958@gmail.com,2025-10-09,2025-11-17,18,,סלט קינואה,,none
C0123,אורן נחום,058-3231198,michal122@gmail.com,2023-01-04,2023-10-08,79,3634,קרואסון חמאה,,silver
C0124,גיא בן דוד,052-5624635,,2022-01-08,2022-02-23,20,1480,פלט וויט,,none
C0125,רפי נחום,050-5105957,yossi450@walla.co.il,2025-06-13,2025-12-26,1,24,אספרסו,,none
C0126,שחר ורדי,054-6041569,tomer972@gmail.com,2023-04-25,2025-08-07,5,155,עוגת גזר,,none
C0127,נועה יצחקי,052-4780654,nir148@icloud.com,2025-08-10,2025-11-15,5,230,טוסט גבינות,,none
C0128,אורה אורן,050-9986473,noa53@hotmail.com,2024-12-21,2025-02-27,4,108,סמוזי פירות יער,,none
C0129,יוסי אדרי,058-2968239,shai937@walla.co.il,2025-04-18,2025-08-07,178,3916,אייס אמריקנו,,gold
C0130,רוני אורן,054-8818250,,2023-10-21,2025-12-23,18,738,סלט קינואה,,none
C0131,ספיר כץ,058-8005797,noa338@walla.co.il,2023-10-03,2024-11-29,1,38,תה נענע,,none
C0132,חן חיון,055-9192588,,2023-11-23,2024-08-12,4,288,פוקצ'ה,,none
C0133,דור מזרחי,054-7261268,,2022-06-02,2022-09-09,1,67,סמוזי פירות יער,,none
C0134,אמה קליין,050-9425786,dor441@gmail.com,2022-02-02,2022-02-15,5,340,לאטה,לא אוהב/ת קפה חזק,none
C0135,גיל הלוי,058-4789255,danny670@gmail.com,2024-12-14,2025-04-22,3,141,טוסט גבינות,ללא גלוטן,none
C0136,נועה ויס,050-9861040,yael217@icloud.com,2022-01-20,2025-12-29,8,344,קפוצ'ינו,,none
C0137,הדס ברק,050-6021033,,2025-09-09,2025-09-13,16,1120,ביסקוטי,ללא גלוטן,none
C0138,שירלי סלע,055-7655572,roni31@hotmail.com,2022-10-14,2023-03-23,5,180,עוגת שוקולד,,none
C0139,גילי יצחקי,050-5495824,,2025-02-06,2025-08-17,79,3160,פוקצ'ה,,silver
C0140,אופק לביא,052-8230636,tomer525@outlook.com,2023-10-11,2024-10-14,8,560,טוסט גבינות,טבעוני,none
C0141,משה דניאל,052-9742683,,2023-10-27,2024-11-24,83,5644,לאטה,,silver
C0142,טל הראל,052-9318184,noa469@gmail.com,2024-10-06,2024-12-19,11,572,מאצ'ה לאטה,ללא גלוטן,none
C0143,עינת עמר,054-6354241,nir649@icloud.com,2023-11-17,2025-01-30,10,660,תה נענע,,none
C0144,שירלי הראל,058-8744735,noa449@hotmail.com,2024-03-15,2025-03-23,252,8316,קפוצ'ינו,,platinum
C0145,יסמין קליין,054-7724393,nir429@gmail.com,2022-10-13,2024-06-24,14,,קרואסון שוקולד,,none
C0146,רון ענבר,053-8221845,,2023-05-24,2025-03-27,245,15925,סנדוויץ' אבוקדו,לא אוהב/ת קפה חזק,platinum
C0147,הראל כץ,050-2947320,alon146@yahoo.com,2024-03-12,2025-06-29,5,115,עוגת שוקולד,,none
C0148,דור צדוק,053-2834801,rinat953@walla.co.il,2023-12-15,2025-04-15,1,24,טוסט גבינות,,none
C0149,אופיר אורן,052-8542617,yossi5@walla.co.il,2024-05-23,2025-09-08,18,882,קפוצ'ינו,מגיע/ה עם כלב,none
C0150,עמרי אטיאס,055-7520284,maya117@yahoo.com,2024-01-20,2024-12-18,20,1060,עוגת שוקולד,,none
C0151,שלמה ליבוביץ,052-9570219,hila142@outlook.com,2023-09-02,2025-05-23,5,205,סלט קינואה,,none
C0152,אריאל חדד,052-7441514,omer669@icloud.com,2024-09-29,2025-02-23,11,484,סלט קינואה,,none
C0153,נטע עמר,052-8672579,shai563@gmail.com,2024-09-27,2024-12-21,1,24,תה ירוק,,none
C0154,הדס סלע,050-8545256,danny450@gmail.com,2022-03-27,2024-09-15,12,756,תה נענע,,none
C0155,אופק גרין,050-6885707,hila552@gmail.com,2023-12-20,2025-12-16,26,1872,שוקו חם,,none
C0156,כרמל הראל,052-3453557,yael780@outlook.com,2024-11-19,2025-11-01,116,7308,שייק בננה,,gold
C0157,רותם נחום,054-9188027,ori890@gmail.com,2024-02-08,2025-05-15,26,1014,עוגת שוקולד,,none
C0158,תמר פישר,052-9142618,dor781@gmail.com,2024-12-30,2025-07-21,2,150,עוגת שוקולד,שואל/ת על אירועים,none
C0159,עידו חדד,053-2565985,amit85@yahoo.com,2024-06-22,2025-10-02,56,3528,פוקצ'ה,,silver
C0160,ארנון מלכה,052-9714828,ori9@yahoo.com,2025-07-05,2025-09-21,2,70,עוגת גזר,,none
C0161,רועי ביטון,052-3396676,,2023-04-14,2024-05-10,1,41,סמוזי פירות יער,,none
C0162,הראל יצחקי,058-7442986,guy323@gmail.com,2023-03-13,2024-01-17,4,112,תה נענע,מגיע/ה רק בבוקר,none
C0163,אסתר כהנא,052-9302838,yael512@gmail.com,2022-02-24,2025-11-03,12,828,אמריקנו כפול,,none
C0164,דניאלה דהן,050-2133008,,2024-03-03,2025-10-06,4,208,קרואסון חמאה,אומן,none
C0165,רותם ליבוביץ,053-2325761,noa998@gmail.com,2024-10-23,2025-11-19,19,1064,קרואסון חמאה,,none
C0166,אייל כהנא,058-3946849,,2024-06-14,2025-02-13,1,61,אמריקנו כפול,,none
C0167,טל יצחקי,050-6620552,amit537@gmail.com,2024-12-07,2025-08-28,11,429,שייק בננה,,none
C0168,טל פלד,058-2934976,omer3@gmail.com,2024-11-12,2025-05-15,1,71,אמריקנו כפול,,none
C0169,דוד צדוק,053-5165165,alon328@hotmail.com,2024-01-16,2025-02-11,35,2345,שייק בננה,,none
C0170,מאי רוזן,053-6491198,,2025-10-10,2025-10-16,112,2912,קרואסון שוקולד,,gold
C0171,אורן ברק,058-5112546,,2023-09-15,2025-10-11,13,689,אמריקנו כפול,,none
C0172,עמרי יצחקי,054-9254874,arnon729@hotmail.com,2025-07-26,2025-07-28,6,168,סנדוויץ' אבוקדו,אלרגיה לאגוזים,none
C0173,לי כץ,054-3192921,amit872@yahoo.com,2024-07-27,2024-10-21,9,,קרואסון חמאה,,none
C0174,דניאלה עמר,054-6268604,tomer367@walla.co.il,2023-07-11,2024-03-06,48,1344,עוגת שוקולד,,silver
C0175,מאי אברהם,055-1821255,amit840@gmail.com,2022-11-19,2024-08-03,5,335,טוסט גבינות,משלם תמיד בביט,none
C0176,רון פלד,058-2409947,amit940@gmail.com,2022-07-28,2023-05-10,300,9000,פוקצ'ה,אלרגיה לאגוזים,platinum
C0177,ליאור אברהם,050-7421134,rinat363@walla.co.il,2023-11-11,2024-03-15,37,1813,תה ירוק,,none
C0178,שרה אוחיון,050-5693862,guy205@walla.co.il,2022-03-12,2025-08-20,5,240,טוסט גבינות,,none
C0179,עומר פישר,,ori918@hotmail.com,2024-01-06,2025-05-11,21,966,קרואסון שוקולד,לא אוהב/ת קפה חזק,none
C0180,תומר פרידמן,054-6952633,rinat181@walla.co.il,2023-05-23,2025-03-25,2,72,קרואסון שוקולד,,none
C0181,בן כהנא,052-4671004,,2023-12-22,2025-07-25,10,330,מאצ'ה לאטה,,none
C0182,איתי טל,053-2216878,dor406@gmail.com,2022-12-30,2024-10-22,6,186,מאצ'ה לאטה,,none
C0183,תומר מור,058-5941179,,2024-06-13,2025-10-24,11,814,שייק בננה,,none
C0184,אסתר ברק,052-6818508,rinat652@gmail.com,2022-03-08,2023-03-15,16,848,ביסקוטי,,none
C0185,שרה כהן,,guy993@gmail.com,2023-06-28,2024-01-28,2,56,סלט קינואה,,none
C0186,רוית שפירא,053-5380995,danny351@gmail.com,2024-02-08,2024-05-21,24,1752,אייס לאטה,,none
C0187,אריאל אברהם,050-2698824,noa420@hotmail.com,2023-11-24,2025-07-24,211,6752,שוקו חם,,platinum
C0188,רון פרץ,058-9058573,,2024-03-15,2025-10-21,5,245,שוקו חם,תמיד ליד החלון,none
C0189,רועי אזולאי,054-7197531,,2023-09-24,2025-12-05,4,252,תה ירוק,משלם תמיד בביט,none
C0190,שגיא ברק,054-9767475,tomer704@icloud.com,2022-05-07,2023-03-12,8,560,תה נענע,,none
C0191,טל אברהם,054-3900427,rinat996@walla.co.il,2024-03-19,2024-04-23,24,1464,לאטה,,none
C0192,אדם אברהם,054-7666510,amit533@icloud.com,2025-10-31,2025-11-27,2,136,אמריקנו כפול,,none
C0193,מאי נחום,053-7893590,rotem498@icloud.com,2022-11-03,2023-09-02,24,672,לאטה,ללא גלוטן,none
C0194,מיכל מלכה,053-5703436,nir702@gmail.com,2023-11-10,2025-10-17,91,2093,תה נענע,,silver
C0195,אייל נוי,054-9127895,michal841@gmail.com,2024-06-26,2025-05-20,29,986,אייס לאטה,,none
C0196,אייל ליבוביץ,050-5185752,,2024-11-03,2025-05-28,2,68,אייס אמריקנו,מגיע/ה עם כלב,none
C0197,אילה פלד,054-6867997,amit767@gmail.com,2024-10-31,2025-05-22,1,60,קרואסון חמאה,,none
C0198,תומר ברק,,dor10@icloud.com,2023-03-15,2025-08-08,2,126,פוקצ'ה,,none
C0199,משה כהן,053-9734854,yossi599@gmail.com,2023-04-04,2023-12-18,66,2904,טוסט גבינות,טבעוני,silver
C0200,טל ישראלי,058-6012883,,2022-08-10,2025-04-22,1,39,תה נענע,,none
