תאריך,פריט,סוג_תנועה,כמות,יחידה,עובד,סיבה_הערה
2026-01-01,קרואסון חמאה,in,23,יח׳,נועה,משלוח רגיל
2026-01-01,קרואסון שוקולד,in,14,יח׳,מיכל,משלוח רגיל
2026-01-01,מאפה גבינה,in,11,יח׳,מיכל,משלוח רגיל
2026-01-01,חלב 3%,out,3.58,ליטר,מיכל,שימוש שוטף
2026-01-01,חלב 3%,out,3.58,ליטר,נועה,שימוש שוטף
2026-01-01,חלב 3%,out,3.58,ליטר,נועה,שימוש שוטף
2026-01-01,חלב שיבולת שועל,out,5.0,ליטר,נועה,שימוש שוטף
2026-01-01,חלב שיבולת שועל,out,5.0,ליטר,נועה,שימוש שוטף
2026-01-01,חלב שיבולת שועל,out,5.0,ליטר,נועה,שימוש שוטף
2026-01-01,חלב שקדים,out,1.06,ליטר,נועה,שימוש שוטף
2026-01-01,חלב שקדים,out,1.06,ליטר,מיכל,שימוש שוטף
2026-01-01,חלב שקדים,out,1.06,ליטר,מיכל,שימוש שוטף
2026-01-01,חלב סויה,out,1.05,ליטר,מיכל,שימוש שוטף
2026-01-01,חלב סויה,out,1.05,ליטר,נועה,שימוש שוטף
2026-01-01,חלב ללא לקטוז,out,0.32,ליטר,נועה,שימוש שוטף
2026-01-01,חלב ללא לקטוז,out,0.32,ליטר,נועה,שימוש שוטף
2026-01-01,חלב ללא לקטוז,out,0.32,ליטר,מיכל,שימוש שוטף
2026-01-01,שמנת מתוקה,out,0.76,ליטר,מיכל,שימוש שוטף
2026-01-01,שמנת מתוקה,out,0.76,ליטר,מיכל,שימוש שוטף
2026-01-01,פולי ערביקה,out,0.91,"ק""ג",נועה,שימוש שוטף
2026-01-01,פולי ערביקה,out,0.91,"ק""ג",מיכל,שימוש שוטף
2026-01-01,פולי ערביקה,out,0.91,"ק""ג",נועה,שימוש שוטף
2026-01-01,פולי רובוסטה,out,0.21,"ק""ג",מיכל,שימוש שוטף
2026-01-01,פולי רובוסטה,out,0.21,"ק""ג",נועה,שימוש שוטף
2026-01-01,פולי רובוסטה,out,0.21,"ק""ג",מיכל,שימוש שוטף
2026-01-01,פולי דקאף,out,0.35,"ק""ג",מיכל,שימוש שוטף
2026-01-01,קרואסון חמאה,out,11,יח׳,נועה,שימוש שוטף
2026-01-01,קרואסון חמאה,out,11,יח׳,נועה,שימוש שוטף
2026-01-01,קרואסון שוקולד,out,3,יח׳,מיכל,שימוש שוטף
2026-01-01,קרואסון שוקולד,out,3,יח׳,נועה,שימוש שוטף
2026-01-01,קרואסון שוקולד,out,3,יח׳,נועה,שימוש שוטף
2026-01-01,מאפה גבינה,out,4,יח׳,מיכל,שימוש שוטף
2026-01-01,מאפה גבינה,out,4,יח׳,מיכל,שימוש שוטף
2026-01-01,מאפה גבינה,out,4,יח׳,מיכל,שימוש שוטף
2026-01-01,לימונים,out,1.77,"ק""ג",נועה,שימוש שוטף
2026-01-01,נענע,out,1.23,צרור,נועה,שימוש שוטף
2026-01-01,נענע,out,1.23,צרור,מיכל,שימוש שוטף
2026-01-01,נענע,out,1.23,צרור,נועה,שימוש שוטף
2026-01-01,סוכר לבן,out,0.31,"ק""ג",נועה,שימוש שוטף
2026-01-01,סוכר לבן,out,0.31,"ק""ג",מיכל,שימוש שוטף
2026-01-01,סוכריות סוכר,out,42,יח׳,מיכל,שימוש שוטף
2026-01-01,סוכריות סוכר,out,42,יח׳,נועה,שימוש שוטף
2026-01-01,סוכריות סוכר,out,42,יח׳,נועה,שימוש שוטף
2026-01-01,סירופ וניל,out,0.05,בקבוק,מיכל,שימוש שוטף
2026-01-01,סירופ וניל,out,0.05,בקבוק,מיכל,שימוש שוטף
2026-01-01,סירופ וניל,out,0.05,בקבוק,נועה,שימוש שוטף
2026-01-01,סירופ קרמל,out,0.06,בקבוק,נועה,שימוש שוטף
2026-01-01,סירופ קרמל,out,0.06,בקבוק,נועה,שימוש שוטף
2026-01-01,סירופ קרמל,out,0.06,בקבוק,מיכל,שימוש שוטף
2026-01-01,כוסות קטנות,out,18,יח׳,נועה,שימוש שוטף
2026-01-01,כוסות קטנות,out,18,יח׳,מיכל,שימוש שוטף
2026-01-01,כוסות קטנות,out,18,יח׳,מיכל,שימוש שוטף
2026-01-01,כוסות גדולות take-away,out,37,יח׳,נועה,שימוש שוטף
2026-01-01,כוסות גדולות take-away,out,37,יח׳,נועה,שימוש שוטף
2026-01-01,מכסים,out,120,יח׳,מיכל,שימוש שוטף
2026-01-01,מפיות,out,1,חבילה,נועה,שימוש שוטף
2026-01-01,מפיות,out,1,חבילה,נועה,שימוש שוטף
2026-01-01,מפיות,out,1,חבילה,מיכל,שימוש שוטף
2026-01-01,שקיות נייר,out,12,יח׳,נועה,שימוש שוטף
2026-01-01,שקיות נייר,out,12,יח׳,מיכל,שימוש שוטף
2026-01-01,שקיות נייר,out,12,יח׳,נועה,שימוש שוטף
2026-01-02,חלב 3%,in,28,ליטר,מיכל,משלוח רגיל
2026-01-02,חלב שיבולת שועל,in,15,ליטר,מיכל,משלוח רגיל — חסר מול ההזמנה
2026-01-02,קרואסון חמאה,in,23,יח׳,מיכל,משלוח רגיל
2026-01-02,קרואסון שוקולד,in,14,יח׳,מיכל,משלוח רגיל
2026-01-02,מאפה גבינה,in,12,יח׳,דני,משלוח רגיל
2026-01-02,חלב 3%,out,6.95,ליטר,מיכל,שימוש שוטף
2026-01-02,חלב 3%,out,6.95,ליטר,מיכל,שימוש שוטף
2026-01-02,חלב שיבולת שועל,out,11.04,ליטר,דני,שימוש שוטף
2026-01-02,חלב שקדים,out,1.78,ליטר,דני,שימוש שוטף
2026-01-02,חלב שקדים,out,1.78,ליטר,דני,שימוש שוטף
2026-01-02,חלב סויה,out,0.66,ליטר,דני,שימוש שוטף
2026-01-02,חלב סויה,out,0.66,ליטר,מיכל,שימוש שוטף
2026-01-02,חלב סויה,out,0.66,ליטר,דני,שימוש שוטף
2026-01-02,חלב ללא לקטוז,out,1.26,ליטר,דני,שימוש שוטף
2026-01-02,שמנת מתוקה,out,0.59,ליטר,דני,שימוש שוטף
2026-01-02,שמנת מתוקה,out,0.59,ליטר,דני,שימוש שוטף
2026-01-02,שמנת מתוקה,out,0.59,ליטר,מיכל,שימוש שוטף
2026-01-02,פולי ערביקה,out,2.38,"ק""ג",מיכל,שימוש שוטף
2026-01-02,פולי רובוסטה,out,0.45,"ק""ג",דני,שימוש שוטף
2026-01-02,פולי דקאף,out,0.36,"ק""ג",מיכל,שימוש שוטף
2026-01-02,קרואסון חמאה,out,24,יח׳,דני,שימוש שוטף
2026-01-02,קרואסון שוקולד,out,6,יח׳,מיכל,שימוש שוטף
2026-01-02,קרואסון שוקולד,out,6,יח׳,מיכל,שימוש שוטף
2026-01-02,מאפה גבינה,out,4,יח׳,דני,שימוש שוטף
2026-01-02,מאפה גבינה,out,4,יח׳,מיכל,שימוש שוטף
2026-01-02,מאפה גבינה,out,4,יח׳,דני,שימוש שוטף
2026-01-02,לימונים,out,1.27,"ק""ג",מיכל,שימוש שוטף
2026-01-02,נענע,out,1.22,צרור,מיכל,שימוש שוטף
2026-01-02,נענע,out,1.22,צרור,דני,שימוש שוטף
2026-01-02,סוכר לבן,out,0.58,"ק""ג",דני,שימוש שוטף
2026-01-02,סוכריות סוכר,out,150,יח׳,דני,שימוש שוטף
2026-01-02,סירופ וניל,out,0.07,בקבוק,דני,שימוש שוטף
2026-01-02,סירופ וניל,out,0.07,בקבוק,דני,שימוש שוטף
2026-01-02,סירופ קרמל,out,0.23,בקבוק,מיכל,שימוש שוטף
2026-01-02,כוסות קטנות,out,19,יח׳,דני,שימוש שוטף
2026-01-02,כוסות קטנות,out,19,יח׳,דני,שימוש שוטף
2026-01-02,כוסות גדולות take-away,out,24,יח׳,מיכל,שימוש שוטף
2026-01-02,כוסות גדולות take-away,out,24,יח׳,מיכל,שימוש שוטף
2026-01-02,כוסות גדולות take-away,out,24,יח׳,דני,שימוש שוטף
2026-01-02,מכסים,out,23,יח׳,מיכל,שימוש שוטף
2026-01-02,מכסים,out,23,יח׳,מיכל,שימוש שוטף
2026-01-02,מכסים,out,23,יח׳,מיכל,שימוש שוטף
2026-01-02,מפיות,out,1,חבילה,דני,שימוש שוטף
2026-01-02,מפיות,out,1,חבילה,מיכל,שימוש שוטף
2026-01-02,מפיות,out,1,חבילה,מיכל,שימוש שוטף
2026-01-02,שקיות נייר,out,14,יח׳,מיכל,שימוש שוטף
2026-01-02,שקיות נייר,out,14,יח׳,דני,שימוש שוטף
2026-01-02,שקיות נייר,out,14,יח׳,דני,שימוש שוטף
2026-01-02,פולי ערביקה,waste,0.96,"ק""ג",דני,פג תוקף
2026-01-02,נענע,waste,1.27,צרור,דני,נבל במקרר
2026-01-04,חלב 3%,in,26,ליטר,נועה,משלוח רגיל
2026-01-04,חלב שיבולת שועל,in,13,ליטר,נועה,משלוח רגיל — חסר מול ההזמנה
2026-01-04,חלב שקדים,in,11,ליטר,דני,משלוח רגיל
2026-01-04,שמנת מתוקה,in,6,ליטר,נועה,משלוח רגיל
2026-01-04,קרואסון חמאה,in,21,יח׳,מיכל,משלוח רגיל
2026-01-04,קרואסון שוקולד,in,14,יח׳,נועה,משלוח רגיל
2026-01-04,מאפה גבינה,in,13,יח׳,מיכל,משלוח רגיל
2026-01-04,לימונים,in,4,"ק""ג",מיכל,משלוח רגיל
2026-01-04,נענע,in,8,צרור,מיכל,משלוח רגיל
2026-01-04,חלב 3%,out,4.9,ליטר,דני,שימוש שוטף
2026-01-04,חלב 3%,out,4.9,ליטר,טל,שימוש שוטף
2026-01-04,חלב 3%,out,4.9,ליטר,נועה,שימוש שוטף
2026-01-04,חלב שיבולת שועל,out,3.26,ליטר,דני,שימוש שוטף
2026-01-04,חלב שיבולת שועל,out,3.26,ליטר,טל,שימוש שוטף
2026-01-04,חלב שיבולת שועל,out,3.26,ליטר,טל,שימוש שוטף
2026-01-04,חלב שקדים,out,0.86,ליטר,טל,שימוש שוטף
2026-01-04,חלב שקדים,out,0.86,ליטר,מיכל,שימוש שוטף
2026-01-04,חלב שקדים,out,0.86,ליטר,מיכל,שימוש שוטף
2026-01-04,חלב סויה,out,1.93,ליטר,דני,שימוש שוטף
2026-01-04,חלב ללא לקטוז,out,0.34,ליטר,מיכל,שימוש שוטף
2026-01-04,חלב ללא לקטוז,out,0.34,ליטר,דני,שימוש שוטף
2026-01-04,חלב ללא לקטוז,out,0.34,ליטר,טל,שימוש שוטף
2026-01-04,שמנת מתוקה,out,2.29,ליטר,נועה,שימוש שוטף
2026-01-04,פולי ערביקה,out,3.17,"ק""ג",נועה,שימוש שוטף
2026-01-04,פולי רובוסטה,out,0.3,"ק""ג",נועה,שימוש שוטף
2026-01-04,פולי רובוסטה,out,0.3,"ק""ג",טל,שימוש שוטף
2026-01-04,פולי דקאף,out,0.1,"ק""ג",נועה,שימוש שוטף
2026-01-04,פולי דקאף,out,0.1,"ק""ג",נועה,שימוש שוטף
2026-01-04,פולי דקאף,out,0.1,"ק""ג",מיכל,שימוש שוטף
2026-01-04,קרואסון חמאה,out,8,יח׳,דני,שימוש שוטף
2026-01-04,קרואסון חמאה,out,8,יח׳,נועה,שימוש שוטף
2026-01-04,קרואסון חמאה,out,8,יח׳,טל,שימוש שוטף
2026-01-04,קרואסון שוקולד,out,7,יח׳,נועה,שימוש שוטף
2026-01-04,קרואסון שוקולד,out,7,יח׳,נועה,שימוש שוטף
2026-01-04,מאפה גבינה,out,14,יח׳,נועה,שימוש שוטף
2026-01-04,לימונים,out,0.96,"ק""ג",מיכל,שימוש שוטף
2026-01-04,לימונים,out,0.96,"ק""ג",טל,שימוש שוטף
2026-01-04,נענע,out,3.69,צרור,נועה,שימוש שוטף
2026-01-04,סוכר לבן,out,0.47,"ק""ג",דני,שימוש שוטף
2026-01-04,סוכר לבן,out,0.47,"ק""ג",מיכל,שימוש שוטף
2026-01-04,סוכריות סוכר,out,103,יח׳,מיכל,שימוש שוטף
2026-01-04,סירופ וניל,out,0.18,בקבוק,נועה,שימוש שוטף
2026-01-04,סירופ קרמל,out,0.08,בקבוק,מיכל,שימוש שוטף
2026-01-04,סירופ קרמל,out,0.08,בקבוק,מיכל,שימוש שוטף
2026-01-04,כוסות קטנות,out,12,יח׳,נועה,שימוש שוטף
2026-01-04,כוסות קטנות,out,12,יח׳,מיכל,שימוש שוטף
2026-01-04,כוסות קטנות,out,12,יח׳,טל,שימוש שוטף
2026-01-04,כוסות גדולות take-away,out,21,יח׳,מיכל,שימוש שוטף
2026-01-04,כוסות גדולות take-away,out,21,יח׳,מיכל,שימוש שוטף
2026-01-04,כוסות גדולות take-away,out,21,יח׳,נועה,שימוש שוטף
2026-01-04,מכסים,out,34,יח׳,דני,שימוש שוטף
2026-01-04,מכסים,out,34,יח׳,נועה,שימוש שוטף
2026-01-04,מפיות,out,1,חבילה,דני,שימוש שוטף
2026-01-04,מפיות,out,1,חבילה,נועה,שימוש שוטף
2026-01-04,שקיות נייר,out,12,יח׳,דני,שימוש שוטף
2026-01-04,שקיות נייר,out,12,יח׳,דני,שימוש שוטף
2026-01-04,חלב שיבולת שועל,waste,1.05,ליטר,דני,תפוגה — נפתח ולא נגמר במשמרת
2026-01-04,כוסות גדולות take-away,waste,4,יח׳,נועה,פג תוקף
2026-01-05,חלב סויה,in,10,ליטר,טל,משלוח רגיל
2026-01-05,קרואסון חמאה,in,36,יח׳,דני,הזמנה שבועית — הוזמן יותר מדי (התראה לרונית)
2026-01-05,קרואסון שוקולד,in,24,יח׳,מיכל,הזמנה שבועית — הוזמן יותר מדי (התראה לרונית)
2026-01-05,מאפה גבינה,in,12,יח׳,דני,משלוח רגיל
2026-01-05,כוסות גדולות take-away,in,337,יח׳,מיכל,משלוח רגיל
2026-01-05,מכסים,in,519,יח׳,דני,משלוח רגיל
2026-01-05,חלב 3%,out,5.28,ליטר,מיכל,שימוש שוטף
2026-01-05,חלב 3%,out,5.28,ליטר,מיכל,שימוש שוטף
2026-01-05,חלב 3%,out,5.28,ליטר,נועה,שימוש שוטף
2026-01-05,חלב שיבולת שועל,out,3.76,ליטר,דני,שימוש שוטף
2026-01-05,חלב שיבולת שועל,out,3.76,ליטר,מיכל,שימוש שוטף
2026-01-05,חלב שיבולת שועל,out,3.76,ליטר,נועה,שימוש שוטף
2026-01-05,חלב שקדים,out,0.89,ליטר,דני,שימוש שוטף
2026-01-05,חלב שקדים,out,0.89,ליטר,דני,שימוש שוטף
2026-01-05,חלב שקדים,out,0.89,ליטר,נועה,שימוש שוטף
2026-01-05,חלב סויה,out,0.77,ליטר,נועה,שימוש שוטף
2026-01-05,חלב סויה,out,0.77,ליטר,דני,שימוש שוטף
2026-01-05,חלב סויה,out,0.77,ליטר,דני,שימוש שוטף
2026-01-05,חלב ללא לקטוז,out,0.44,ליטר,דני,שימוש שוטף
2026-01-05,חלב ללא לקטוז,out,0.44,ליטר,דני,שימוש שוטף
2026-01-05,שמנת מתוקה,out,0.97,ליטר,מיכל,שימוש שוטף
2026-01-05,שמנת מתוקה,out,0.97,ליטר,דני,שימוש שוטף
2026-01-05,פולי ערביקה,out,0.75,"ק""ג",נועה,שימוש שוטף
2026-01-05,פולי ערביקה,out,0.75,"ק""ג",דני,שימוש שוטף
2026-01-05,פולי ערביקה,out,0.75,"ק""ג",דני,שימוש שוטף
2026-01-05,פולי רובוסטה,out,0.66,"ק""ג",נועה,שימוש שוטף
2026-01-05,פולי דקאף,out,0.22,"ק""ג",טל,שימוש שוטף
2026-01-05,קרואסון חמאה,out,4,יח׳,מיכל,שימוש שוטף
2026-01-05,קרואסון חמאה,out,4,יח׳,נועה,שימוש שוטף
2026-01-05,קרואסון חמאה,out,4,יח׳,נועה,שימוש שוטף
2026-01-05,קרואסון שוקולד,out,11,יח׳,נועה,שימוש שוטף
2026-01-05,מאפה גבינה,out,3,יח׳,מיכל,שימוש שוטף
2026-01-05,מאפה גבינה,out,3,יח׳,דני,שימוש שוטף
2026-01-05,מאפה גבינה,out,3,יח׳,מיכל,שימוש שוטף
2026-01-05,לימונים,out,0.53,"ק""ג",טל,שימוש שוטף
2026-01-05,לימונים,out,0.53,"ק""ג",מיכל,שימוש שוטף
2026-01-05,לימונים,out,0.53,"ק""ג",דני,שימוש שוטף
2026-01-05,נענע,out,0.96,צרור,טל,שימוש שוטף
2026-01-05,נענע,out,0.96,צרור,דני,שימוש שוטף
2026-01-05,נענע,out,0.96,צרור,נועה,שימוש שוטף
2026-01-05,סוכר לבן,out,0.34,"ק""ג",נועה,שימוש שוטף
2026-01-05,סוכר לבן,out,0.34,"ק""ג",דני,שימוש שוטף
2026-01-05,סוכריות סוכר,out,39,יח׳,נועה,שימוש שוטף
2026-01-05,סוכריות סוכר,out,39,יח׳,דני,שימוש שוטף
2026-01-05,סוכריות סוכר,out,39,יח׳,מיכל,שימוש שוטף
2026-01-05,סירופ וניל,out,0.07,בקבוק,דני,שימוש שוטף
2026-01-05,סירופ וניל,out,0.07,בקבוק,נועה,שימוש שוטף
2026-01-05,סירופ קרמל,out,0.05,בקבוק,נועה,שימוש שוטף
2026-01-05,סירופ קרמל,out,0.05,בקבוק,דני,שימוש שוטף
2026-01-05,סירופ קרמל,out,0.05,בקבוק,נועה,שימוש שוטף
2026-01-05,כוסות קטנות,out,37,יח׳,דני,שימוש שוטף
2026-01-05,כוסות גדולות take-away,out,20,יח׳,נועה,שימוש שוטף
2026-01-05,כוסות גדולות take-away,out,20,יח׳,נועה,שימוש שוטף
2026-01-05,כוסות גדולות take-away,out,20,יח׳,מיכל,שימוש שוטף
2026-01-05,מכסים,out,36,יח׳,מיכל,שימוש שוטף
2026-01-05,מכסים,out,36,יח׳,מיכל,שימוש שוטף
2026-01-05,מכסים,out,36,יח׳,דני,שימוש שוטף
2026-01-05,מפיות,out,1,חבילה,נועה,שימוש שוטף
2026-01-05,מפיות,out,1,חבילה,מיכל,שימוש שוטף
2026-01-05,שקיות נייר,out,42,יח׳,טל,שימוש שוטף
2026-01-05,קרואסון חמאה,waste,14,יח׳,נועה,שאריות יום ראשון — שוב הזמנו 40 וקיבלנו 28 לקוחות
2026-01-06,חלב 3%,in,28,ליטר,טל,משלוח רגיל
2026-01-06,חלב שיבולת שועל,in,12,ליטר,נועה,משלוח רגיל — חסר מול ההזמנה
2026-01-06,קרואסון חמאה,in,23,יח׳,נועה,משלוח רגיל
2026-01-06,קרואסון שוקולד,in,14,יח׳,מיכל,משלוח רגיל
2026-01-06,מאפה גבינה,in,12,יח׳,דני,משלוח רגיל
2026-01-06,חלב שיבולת שועל,in,6,ליטר,דני,קנייה דחופה בסופר (יקר ב-30%) — לא להישנות
2026-01-06,חלב 3%,out,4.85,ליטר,נועה,שימוש שוטף
2026-01-06,חלב 3%,out,4.85,ליטר,דני,שימוש שוטף
2026-01-06,חלב 3%,out,4.85,ליטר,נועה,שימוש שוטף
2026-01-06,חלב שיבולת שועל,out,11.82,ליטר,נועה,שימוש שוטף
2026-01-06,חלב שקדים,out,1.73,ליטר,מיכל,שימוש שוטף
2026-01-06,חלב שקדים,out,1.73,ליטר,נועה,שימוש שוטף
2026-01-06,חלב סויה,out,2.3,ליטר,נועה,שימוש שוטף
2026-01-06,חלב ללא לקטוז,out,1.09,ליטר,מיכל,שימוש שוטף
2026-01-06,שמנת מתוקה,out,2.54,ליטר,נועה,שימוש שוטף
2026-01-06,פולי ערביקה,out,0.72,"ק""ג",טל,שימוש שוטף
2026-01-06,פולי ערביקה,out,0.72,"ק""ג",דני,שימוש שוטף
2026-01-06,פולי ערביקה,out,0.72,"ק""ג",נועה,שימוש שוטף
2026-01-06,פולי רובוסטה,out,0.21,"ק""ג",מיכל,שימוש שוטף
2026-01-06,פולי רובוסטה,out,0.21,"ק""ג",נועה,שימוש שוטף
2026-01-06,פולי רובוסטה,out,0.21,"ק""ג",מיכל,שימוש שוטף
2026-01-06,פולי דקאף,out,0.31,"ק""ג",טל,שימוש שוטף
2026-01-06,קרואסון חמאה,out,6,יח׳,דני,שימוש שוטף
2026-01-06,קרואסון חמאה,out,6,יח׳,מיכל,שימוש שוטף
2026-01-06,קרואסון חמאה,out,6,יח׳,נועה,שימוש שוטף
2026-01-06,קרואסון שוקולד,out,17,יח׳,דני,שימוש שוטף
2026-01-06,מאפה גבינה,out,4,יח׳,דני,שימוש שוטף
2026-01-06,מאפה גבינה,out,4,יח׳,דני,שימוש שוטף
2026-01-06,לימונים,out,0.81,"ק""ג",מיכל,שימוש שוטף
2026-01-06,לימונים,out,0.81,"ק""ג",מיכל,שימוש שוטף
2026-01-06,נענע,out,1.01,צרור,מיכל,שימוש שוטף
2026-01-06,נענע,out,1.01,צרור,דני,שימוש שוטף
2026-01-06,נענע,out,1.01,צרור,טל,שימוש שוטף
2026-01-06,סוכר לבן,out,0.38,"ק""ג",מיכל,שימוש שוטף
2026-01-06,סוכר לבן,out,0.38,"ק""ג",נועה,שימוש שוטף
2026-01-06,סוכריות סוכר,out,104,יח׳,דני,שימוש שוטף
2026-01-06,סירופ וניל,out,0.05,בקבוק,נועה,שימוש שוטף
2026-01-06,סירופ וניל,out,0.05,בקבוק,נועה,שימוש שוטף
2026-01-06,סירופ וניל,out,0.05,בקבוק,מיכל,שימוש שוטף
2026-01-06,סירופ קרמל,out,0.16,בקבוק,נועה,שימוש שוטף
2026-01-06,כוסות קטנות,out,16,יח׳,נועה,שימוש שוטף
2026-01-06,כוסות קטנות,out,16,יח׳,נועה,שימוש שוטף
2026-01-06,כוסות קטנות,out,16,יח׳,טל,שימוש שוטף
2026-01-06,כוסות גדולות take-away,out,20,יח׳,דני,שימוש שוטף
2026-01-06,כוסות גדולות take-away,out,20,יח׳,נועה,שימוש שוטף
2026-01-06,כוסות גדולות take-away,out,20,יח׳,דני,שימוש שוטף
2026-01-06,מכסים,out,55,יח׳,נועה,שימוש שוטף
2026-01-06,מכסים,out,55,יח׳,נועה,שימוש שוטף
2026-01-06,מפיות,out,1,חבילה,נועה,שימוש שוטף
2026-01-06,מפיות,out,1,חבילה,דני,שימוש שוטף
2026-01-06,שקיות נייר,out,12,יח׳,נועה,שימוש שוטף
2026-01-06,שקיות נייר,out,12,יח׳,דני,שימוש שוטף
2026-01-06,שקיות נייר,out,12,יח׳,נועה,שימוש שוטף
2026-01-06,חלב שיבולת שועל,out,4,ליטר,נועה,*** נגמר במהלך המשמרת — שלחתי את דני להביא מהסופר ליד ***
2026-01-06,שמנת מתוקה,waste,0.48,ליטר,נועה,פג תוקף
2026-01-06,קרואסון שוקולד,waste,6,יח׳,דני,שאריות מאתמול — לא נמכרו
2026-01-07,חלב ללא לקטוז,in,7,ליטר,מיכל,משלוח רגיל
2026-01-07,שמנת מתוקה,in,6,ליטר,נועה,משלוח רגיל
2026-01-07,פולי ערביקה,in,18,"ק""ג",דני,משלוח רגיל
2026-01-07,קרואסון חמאה,in,24,יח׳,נועה,משלוח רגיל
2026-01-07,קרואסון שוקולד,in,14,יח׳,נועה,משלוח רגיל
2026-01-07,מאפה גבינה,in,12,יח׳,נועה,משלוח רגיל
2026-01-07,לימונים,in,4,"ק""ג",מיכל,משלוח רגיל
2026-01-07,נענע,in,8,צרור,נועה,משלוח רגיל
2026-01-07,סוכריות סוכר,in,848,יח׳,נועה,משלוח רגיל
2026-01-07,כוסות קטנות,in,334,יח׳,דני,משלוח רגיל
2026-01-07,שקיות נייר,in,235,יח׳,נועה,משלוח רגיל
2026-01-07,חלב 3%,out,3.81,ליטר,נועה,שימוש שוטף
2026-01-07,חלב 3%,out,3.81,ליטר,דני,שימוש שוטף
2026-01-07,חלב 3%,out,3.81,ליטר,מיכל,שימוש שוטף
2026-01-07,חלב שיבולת שועל,out,4.27,ליטר,מיכל,שימוש שוטף
2026-01-07,חלב שיבולת שועל,out,4.27,ליטר,דני,שימוש שוטף
2026-01-07,חלב שיבולת שועל,out,4.27,ליטר,טל,שימוש שוטף
2026-01-07,חלב שקדים,out,1.25,ליטר,נועה,שימוש שוטף
2026-01-07,חלב שקדים,out,1.25,ליטר,נועה,שימוש שוטף
2026-01-07,חלב סויה,out,0.73,ליטר,נועה,שימוש שוטף
2026-01-07,חלב סויה,out,0.73,ליטר,נועה,שימוש שוטף
2026-01-07,חלב ללא לקטוז,out,1.22,ליטר,דני,שימוש שוטף
2026-01-07,שמנת מתוקה,out,1.7,ליטר,מיכל,שימוש שוטף
2026-01-07,פולי ערביקה,out,1.01,"ק""ג",נועה,שימוש שוטף
2026-01-07,פולי ערביקה,out,1.01,"ק""ג",נועה,שימוש שוטף
2026-01-07,פולי ערביקה,out,1.01,"ק""ג",דני,שימוש שוטף
2026-01-07,פולי רובוסטה,out,0.46,"ק""ג",מיכל,שימוש שוטף
2026-01-07,פולי דקאף,out,0.08,"ק""ג",דני,שימוש שוטף
2026-01-07,פולי דקאף,out,0.08,"ק""ג",דני,שימוש שוטף
2026-01-07,פולי דקאף,out,0.08,"ק""ג",דני,שימוש שוטף
2026-01-07,קרואסון חמאה,out,5,יח׳,טל,שימוש שוטף
2026-01-07,קרואסון חמאה,out,5,יח׳,נועה,שימוש שוטף
2026-01-07,קרואסון חמאה,out,5,יח׳,מיכל,שימוש שוטף
2026-01-07,קרואסון שוקולד,out,12,יח׳,נועה,שימוש שוטף
2026-01-07,מאפה גבינה,out,6,יח׳,מיכל,שימוש שוטף
2026-01-07,מאפה גבינה,out,6,יח׳,דני,שימוש שוטף
2026-01-07,לימונים,out,0.53,"ק""ג",מיכל,שימוש שוטף
2026-01-07,לימונים,out,0.53,"ק""ג",נועה,שימוש שוטף
2026-01-07,לימונים,out,0.53,"ק""ג",נועה,שימוש שוטף
2026-01-07,נענע,out,2.23,צרור,נועה,שימוש שוטף
2026-01-07,סוכר לבן,out,0.32,"ק""ג",טל,שימוש שוטף
2026-01-07,סוכר לבן,out,0.32,"ק""ג",דני,שימוש שוטף
2026-01-07,סוכר לבן,out,0.32,"ק""ג",דני,שימוש שוטף
2026-01-07,סוכריות סוכר,out,39,יח׳,נועה,שימוש שוטף
2026-01-07,סוכריות סוכר,out,39,יח׳,נועה,שימוש שוטף
2026-01-07,סוכריות סוכר,out,39,יח׳,דני,שימוש שוטף
2026-01-07,סירופ וניל,out,0.05,בקבוק,נועה,שימוש שוטף
2026-01-07,סירופ וניל,out,0.05,בקבוק,מיכל,שימוש שוטף
2026-01-07,סירופ קרמל,out,0.08,בקבוק,טל,שימוש שוטף
2026-01-07,סירופ קרמל,out,0.08,בקבוק,מיכל,שימוש שוטף
2026-01-07,סירופ קרמל,out,0.08,בקבוק,נועה,שימוש שוטף
2026-01-07,כוסות קטנות,out,14,יח׳,נועה,שימוש שוטף
2026-01-07,כוסות קטנות,out,14,יח׳,טל,שימוש שוטף
2026-01-07,כוסות קטנות,out,14,יח׳,דני,שימוש שוטף
2026-01-07,כוסות גדולות take-away,out,63,יח׳,דני,שימוש שוטף
2026-01-07,מכסים,out,115,יח׳,נועה,שימוש שוטף
2026-01-07,מפיות,out,1,חבילה,דני,שימוש שוטף
2026-01-07,מפיות,out,1,חבילה,מיכל,שימוש שוטף
2026-01-07,שקיות נייר,out,44,יח׳,דני,שימוש שוטף
2026-01-07,חלב 3%,waste,0.56,ליטר,דני,תפוגה — נפתח ולא נגמר במשמרת
2026-01-07,קרואסון שוקולד,waste,5,יח׳,מיכל,שאריות מאתמול — לא נמכרו
2026-01-08,חלב 3%,in,30,ליטר,מיכל,משלוח רגיל
2026-01-08,חלב שיבולת שועל,in,14,ליטר,נועה,משלוח רגיל — חסר מול ההזמנה
2026-01-08,חלב שקדים,in,11,ליטר,מיכל,משלוח רגיל
2026-01-08,קרואסון חמאה,in,22,יח׳,מיכל,משלוח רגיל
2026-01-08,קרואסון שוקולד,in,15,יח׳,נועה,משלוח רגיל
2026-01-08,מאפה גבינה,in,12,יח׳,נועה,משלוח רגיל
2026-01-08,חלב 3%,out,4.56,ליטר,נועה,שימוש שוטף
2026-01-08,חלב 3%,out,4.56,ליטר,נועה,שימוש שוטף
2026-01-08,חלב 3%,out,4.56,ליטר,מיכל,שימוש שוטף
2026-01-08,חלב שיבולת שועל,out,6.25,ליטר,מיכל,שימוש שוטף
2026-01-08,חלב שיבולת שועל,out,6.25,ליטר,נועה,שימוש שוטף
2026-01-08,חלב שקדים,out,1.18,ליטר,מיכל,שימוש שוטף
2026-01-08,חלב שקדים,out,1.18,ליטר,נועה,שימוש שוטף
2026-01-08,חלב שקדים,out,1.18,ליטר,נועה,שימוש שוטף
2026-01-08,חלב סויה,out,2.59,ליטר,מיכל,שימוש שוטף
2026-01-08,חלב ללא לקטוז,out,1.09,ליטר,נועה,שימוש שוטף
2026-01-08,שמנת מתוקה,out,1.01,ליטר,נועה,שימוש שוטף
2026-01-08,שמנת מתוקה,out,1.01,ליטר,מיכל,שימוש שוטף
2026-01-08,פולי ערביקה,out,2.73,"ק""ג",נועה,שימוש שוטף
2026-01-08,פולי רובוסטה,out,0.2,"ק""ג",מיכל,שימוש שוטף
2026-01-08,פולי רובוסטה,out,0.2,"ק""ג",מיכל,שימוש שוטף
2026-01-08,פולי רובוסטה,out,0.2,"ק""ג",נועה,שימוש שוטף
2026-01-08,פולי דקאף,out,0.14,"ק""ג",מיכל,שימוש שוטף
2026-01-08,פולי דקאף,out,0.14,"ק""ג",נועה,שימוש שוטף
2026-01-08,קרואסון חמאה,out,21,יח׳,נועה,שימוש שוטף
2026-01-08,קרואסון שוקולד,out,9,יח׳,מיכל,שימוש שוטף
2026-01-08,קרואסון שוקולד,out,9,יח׳,נועה,שימוש שוטף
2026-01-08,מאפה גבינה,out,6,יח׳,מיכל,שימוש שוטף
2026-01-08,מאפה גבינה,out,6,יח׳,מיכל,שימוש שוטף
2026-01-08,לימונים,out,0.59,"ק""ג",מיכל,שימוש שוטף
2026-01-08,לימונים,out,0.59,"ק""ג",נועה,שימוש שוטף
2026-01-08,לימונים,out,0.59,"ק""ג",מיכל,שימוש שוטף
2026-01-08,נענע,out,0.9,צרור,נועה,שימוש שוטף
2026-01-08,נענע,out,0.9,צרור,מיכל,שימוש שוטף
2026-01-08,נענע,out,0.9,צרור,נועה,שימוש שוטף
2026-01-08,סוכר לבן,out,0.91,"ק""ג",נועה,שימוש שוטף
2026-01-08,סוכריות סוכר,out,89,יח׳,מיכל,שימוש שוטף
2026-01-08,סירופ וניל,out,0.06,בקבוק,מיכל,שימוש שוטף
2026-01-08,סירופ וניל,out,0.06,בקבוק,מיכל,שימוש שוטף
2026-01-08,סירופ וניל,out,0.06,בקבוק,מיכל,שימוש שוטף
2026-01-08,סירופ קרמל,out,0.11,בקבוק,מיכל,שימוש שוטף
2026-01-08,סירופ קרמל,out,0.11,בקבוק,מיכל,שימוש שוטף
2026-01-08,כוסות קטנות,out,10,יח׳,נועה,שימוש שוטף
2026-01-08,כוסות קטנות,out,10,יח׳,מיכל,שימוש שוטף
2026-01-08,כוסות קטנות,out,10,יח׳,מיכל,שימוש שוטף
2026-01-08,כוסות גדולות take-away,out,16,יח׳,מיכל,שימוש שוטף
2026-01-08,כוסות גדולות take-away,out,16,יח׳,מיכל,שימוש שוטף
2026-01-08,כוסות גדולות take-away,out,16,יח׳,מיכל,שימוש שוטף
2026-01-08,מכסים,out,106,יח׳,מיכל,שימוש שוטף
2026-01-08,מפיות,out,1,חבילה,נועה,שימוש שוטף
2026-01-08,שקיות נייר,out,11,יח׳,מיכל,שימוש שוטף
2026-01-08,שקיות נייר,out,11,יח׳,נועה,שימוש שוטף
2026-01-08,שקיות נייר,out,11,יח׳,נועה,שימוש שוטף
2026-01-08,פולי דקאף,waste,1.17,"ק""ג",מיכל,פג תוקף
2026-01-09,קרואסון חמאה,in,21,יח׳,מיכל,משלוח רגיל
2026-01-09,קרואסון שוקולד,in,14,יח׳,דני,משלוח רגיל
2026-01-09,מאפה גבינה,in,11,יח׳,דני,משלוח רגיל
2026-01-09,חלב 3%,out,7.5,ליטר,מיכל,שימוש שוטף
2026-01-09,חלב 3%,out,7.5,ליטר,דני,שימוש שוטף
2026-01-09,חלב שיבולת שועל,out,4.87,ליטר,מיכל,שימוש שוטף
2026-01-09,חלב שיבולת שועל,out,4.87,ליטר,דני,שימוש שוטף
2026-01-09,חלב שקדים,out,1.86,ליטר,דני,שימוש שוטף
2026-01-09,חלב שקדים,out,1.86,ליטר,מיכל,שימוש שוטף
2026-01-09,חלב סויה,out,1.29,ליטר,מיכל,שימוש שוטף
2026-01-09,חלב סויה,out,1.29,ליטר,דני,שימוש שוטף
2026-01-09,חלב ללא לקטוז,out,0.6,ליטר,מיכל,שימוש שוטף
2026-01-09,חלב ללא לקטוז,out,0.6,ליטר,מיכל,שימוש שוטף
2026-01-09,שמנת מתוקה,out,1.86,ליטר,מיכל,שימוש שוטף
2026-01-09,פולי ערביקה,out,0.82,"ק""ג",דני,שימוש שוטף
2026-01-09,פולי ערביקה,out,0.82,"ק""ג",דני,שימוש שוטף
2026-01-09,פולי ערביקה,out,0.82,"ק""ג",מיכל,שימוש שוטף
2026-01-09,פולי רובוסטה,out,0.23,"ק""ג",דני,שימוש שוטף
2026-01-09,פולי רובוסטה,out,0.23,"ק""ג",דני,שימוש שוטף
2026-01-09,פולי רובוסטה,out,0.23,"ק""ג",דני,שימוש שוטף
2026-01-09,פולי דקאף,out,0.17,"ק""ג",מיכל,שימוש שוטף
2026-01-09,פולי דקאף,out,0.17,"ק""ג",דני,שימוש שוטף
2026-01-09,קרואסון חמאה,out,8,יח׳,דני,שימוש שוטף
2026-01-09,קרואסון חמאה,out,8,יח׳,מיכל,שימוש שוטף
2026-01-09,קרואסון חמאה,out,8,יח׳,מיכל,שימוש שוטף
2026-01-09,קרואסון שוקולד,out,15,יח׳,דני,שימוש שוטף
2026-01-09,מאפה גבינה,out,9,יח׳,דני,שימוש שוטף
2026-01-09,לימונים,out,0.76,"ק""ג",דני,שימוש שוטף
2026-01-09,לימונים,out,0.76,"ק""ג",דני,שימוש שוטף
2026-01-09,נענע,out,1.92,צרור,מיכל,שימוש שוטף
2026-01-09,נענע,out,1.92,צרור,דני,שימוש שוטף
2026-01-09,סוכר לבן,out,0.51,"ק""ג",מיכל,שימוש שוטף
2026-01-09,סוכר לבן,out,0.51,"ק""ג",דני,שימוש שוטף
2026-01-09,סוכריות סוכר,out,44,יח׳,מיכל,שימוש שוטף
2026-01-09,סוכריות סוכר,out,44,יח׳,דני,שימוש שוטף
2026-01-09,סוכריות סוכר,out,44,יח׳,דני,שימוש שוטף
2026-01-09,סירופ וניל,out,0.05,בקבוק,דני,שימוש שוטף
2026-01-09,סירופ וניל,out,0.05,בקבוק,מיכל,שימוש שוטף
2026-01-09,סירופ קרמל,out,0.05,בקבוק,מיכל,שימוש שוטף
2026-01-09,סירופ קרמל,out,0.05,בקבוק,דני,שימוש שוטף
2026-01-09,סירופ קרמל,out,0.05,בקבוק,מיכל,שימוש שוטף
2026-01-09,כוסות קטנות,out,16,יח׳,דני,שימוש שוטף
2026-01-09,כוסות קטנות,out,16,יח׳,דני,שימוש שוטף
2026-01-09,כוסות גדולות take-away,out,70,יח׳,דני,שימוש שוטף
2026-01-09,מכסים,out,27,יח׳,מיכל,שימוש שוטף
2026-01-09,מכסים,out,27,יח׳,מיכל,שימוש שוטף
2026-01-09,מכסים,out,27,יח׳,דני,שימוש שוטף
2026-01-09,מפיות,out,1,חבילה,מיכל,שימוש שוטף
2026-01-09,מפיות,out,1,חבילה,דני,שימוש שוטף
2026-01-09,שקיות נייר,out,19,יח׳,דני,שימוש שוטף
2026-01-09,שקיות נייר,out,19,יח׳,דני,שימוש שוטף
2026-01-11,חלב 3%,in,29,ליטר,נועה,משלוח רגיל
2026-01-11,חלב שיבולת שועל,in,13,ליטר,מיכל,משלוח רגיל — חסר מול ההזמנה
2026-01-11,חלב סויה,in,10,ליטר,נועה,משלוח רגיל
2026-01-11,שמנת מתוקה,in,6,ליטר,מיכל,משלוח רגיל
2026-01-11,קרואסון חמאה,in,22,יח׳,מיכל,משלוח רגיל
2026-01-11,קרואסון שוקולד,in,15,יח׳,דני,משלוח רגיל
2026-01-11,מאפה גבינה,in,11,יח׳,מיכל,משלוח רגיל
2026-01-11,לימונים,in,4,"ק""ג",מיכל,משלוח רגיל
2026-01-11,נענע,in,8,צרור,נועה,משלוח רגיל
2026-01-11,כוסות גדולות take-away,in,344,יח׳,מיכל,משלוח רגיל
2026-01-11,מכסים,in,513,יח׳,טל,משלוח רגיל
2026-01-11,חלב 3%,out,7.65,ליטר,מיכל,שימוש שוטף
2026-01-11,חלב 3%,out,7.65,ליטר,דני,שימוש שוטף
2026-01-11,חלב שיבולת שועל,out,8.69,ליטר,טל,שימוש שוטף
2026-01-11,חלב שקדים,out,3.87,ליטר,נועה,שימוש שוטף
2026-01-11,חלב סויה,out,0.81,ליטר,נועה,שימוש שוטף
2026-01-11,חלב סויה,out,0.81,ליטר,מיכל,שימוש שוטף
2026-01-11,חלב ללא לקטוז,out,0.28,ליטר,דני,שימוש שוטף
2026-01-11,חלב ללא לקטוז,out,0.28,ליטר,טל,שימוש שוטף
2026-01-11,חלב ללא לקטוז,out,0.28,ליטר,נועה,שימוש שוטף
2026-01-11,שמנת מתוקה,out,1.48,ליטר,מיכל,שימוש שוטף
2026-01-11,פולי ערביקה,out,3.33,"ק""ג",נועה,שימוש שוטף
2026-01-11,פולי רובוסטה,out,0.14,"ק""ג",מיכל,שימוש שוטף
2026-01-11,פולי רובוסטה,out,0.14,"ק""ג",נועה,שימוש שוטף
2026-01-11,פולי רובוסטה,out,0.14,"ק""ג",נועה,שימוש שוטף
2026-01-11,פולי דקאף,out,0.23,"ק""ג",מיכל,שימוש שוטף
2026-01-11,קרואסון חמאה,out,6,יח׳,נועה,שימוש שוטף
2026-01-11,קרואסון חמאה,out,6,יח׳,נועה,שימוש שוטף
2026-01-11,קרואסון חמאה,out,6,יח׳,מיכל,שימוש שוטף
2026-01-11,קרואסון שוקולד,out,7,יח׳,נועה,שימוש שוטף
2026-01-11,קרואסון שוקולד,out,7,יח׳,דני,שימוש שוטף
2026-01-11,מאפה גבינה,out,4,יח׳,דני,שימוש שוטף
2026-01-11,מאפה גבינה,out,4,יח׳,טל,שימוש שוטף
2026-01-11,מאפה גבינה,out,4,יח׳,נועה,שימוש שוטף
2026-01-11,לימונים,out,0.85,"ק""ג",דני,שימוש שוטף
2026-01-11,לימונים,out,0.85,"ק""ג",מיכל,שימוש שוטף
2026-01-11,נענע,out,1.08,צרור,דני,שימוש שוטף
2026-01-11,נענע,out,1.08,צרור,נועה,שימוש שוטף
2026-01-11,נענע,out,1.08,צרור,טל,שימוש שוטף
2026-01-11,סוכר לבן,out,0.4,"ק""ג",דני,שימוש שוטף
2026-01-11,סוכר לבן,out,0.4,"ק""ג",מיכל,שימוש שוטף
2026-01-11,סוכריות סוכר,out,43,יח׳,מיכל,שימוש שוטף
2026-01-11,סוכריות סוכר,out,43,יח׳,מיכל,שימוש שוטף
2026-01-11,סוכריות סוכר,out,43,יח׳,נועה,שימוש שוטף
2026-01-11,סירופ וניל,out,0.14,בקבוק,מיכל,שימוש שוטף
2026-01-11,סירופ קרמל,out,0.05,בקבוק,דני,שימוש שוטף
2026-01-11,סירופ קרמל,out,0.05,בקבוק,מיכל,שימוש שוטף
2026-01-11,סירופ קרמל,out,0.05,בקבוק,נועה,שימוש שוטף
2026-01-11,כוסות קטנות,out,16,יח׳,מיכל,שימוש שוטף
2026-01-11,כוסות קטנות,out,16,יח׳,נועה,שימוש שוטף
2026-01-11,כוסות גדולות take-away,out,15,יח׳,טל,שימוש שוטף
2026-01-11,כוסות גדולות take-away,out,15,יח׳,דני,שימוש שוטף
2026-01-11,כוסות גדולות take-away,out,15,יח׳,מיכל,שימוש שוטף
2026-01-11,מכסים,out,57,יח׳,מיכל,שימוש שוטף
2026-01-11,מכסים,out,57,יח׳,טל,שימוש שוטף
2026-01-11,מפיות,out,1,חבילה,דני,שימוש שוטף
2026-01-11,מפיות,out,1,חבילה,נועה,שימוש שוטף
2026-01-11,שקיות נייר,out,31,יח׳,דני,שימוש שוטף
2026-01-12,חלב שקדים,in,11,ליטר,נועה,משלוח רגיל
2026-01-12,קרואסון חמאה,in,32,יח׳,מיכל,הזמנה שבועית — הוזמן יותר מדי (התראה לרונית)
2026-01-12,קרואסון שוקולד,in,21,יח׳,נועה,הזמנה שבועית — הוזמן יותר מדי (התראה לרונית)
2026-01-12,מאפה גבינה,in,11,יח׳,דני,משלוח רגיל
2026-01-12,חלב 3%,out,7.31,ליטר,מיכל,שימוש שוטף
2026-01-12,חלב 3%,out,7.31,ליטר,מיכל,שימוש שוטף
2026-01-12,חלב שיבולת שועל,out,3.2,ליטר,דני,שימוש שוטף
2026-01-12,חלב שיבולת שועל,out,3.2,ליטר,נועה,שימוש שוטף
2026-01-12,חלב שיבולת שועל,out,3.2,ליטר,טל,שימוש שוטף
2026-01-12,חלב שקדים,out,1.16,ליטר,טל,שימוש שוטף
2026-01-12,חלב שקדים,out,1.16,ליטר,נועה,שימוש שוטף
2026-01-12,חלב שקדים,out,1.16,ליטר,נועה,שימוש שוטף
2026-01-12,חלב סויה,out,0.63,ליטר,נועה,שימוש שוטף
2026-01-12,חלב סויה,out,0.63,ליטר,דני,שימוש שוטף
2026-01-12,חלב סויה,out,0.63,ליטר,נועה,שימוש שוטף
2026-01-12,חלב ללא לקטוז,out,0.93,ליטר,דני,שימוש שוטף
2026-01-12,שמנת מתוקה,out,1.13,ליטר,מיכל,שימוש שוטף
2026-01-12,שמנת מתוקה,out,1.13,ליטר,דני,שימוש שוטף
2026-01-12,פולי ערביקה,out,2.22,"ק""ג",מיכל,שימוש שוטף
2026-01-12,פולי רובוסטה,out,0.52,"ק""ג",מיכל,שימוש שוטף
2026-01-12,פולי דקאף,out,0.14,"ק""ג",נועה,שימוש שוטף
2026-01-12,פולי דקאף,out,0.14,"ק""ג",דני,שימוש שוטף
2026-01-12,קרואסון חמאה,out,4,יח׳,מיכל,שימוש שוטף
2026-01-12,קרואסון חמאה,out,4,יח׳,נועה,שימוש שוטף
2026-01-12,קרואסון חמאה,out,4,יח׳,נועה,שימוש שוטף
2026-01-12,קרואסון שוקולד,out,11,יח׳,מיכל,שימוש שוטף
2026-01-12,מאפה גבינה,out,4,יח׳,נועה,שימוש שוטף
2026-01-12,מאפה גבינה,out,4,יח׳,מיכל,שימוש שוטף
2026-01-12,לימונים,out,0.59,"ק""ג",נועה,שימוש שוטף
2026-01-12,לימונים,out,0.59,"ק""ג",מיכל,שימוש שוטף
2026-01-12,לימונים,out,0.59,"ק""ג",נועה,שימוש שוטף
2026-01-12,נענע,out,0.96,צרור,דני,שימוש שוטף
2026-01-12,נענע,out,0.96,צרור,דני,שימוש שוטף
2026-01-12,נענע,out,0.96,צרור,נועה,שימוש שוטף
2026-01-12,סוכר לבן,out,0.32,"ק""ג",טל,שימוש שוטף
2026-01-12,סוכר לבן,out,0.32,"ק""ג",דני,שימוש שוטף
2026-01-12,סוכריות סוכר,out,45,יח׳,מיכל,שימוש שוטף
2026-01-12,סוכריות סוכר,out,45,יח׳,נועה,שימוש שוטף
2026-01-12,סירופ וניל,out,0.04,בקבוק,מיכל,שימוש שוטף
2026-01-12,סירופ וניל,out,0.04,בקבוק,מיכל,שימוש שוטף
2026-01-12,סירופ וניל,out,0.04,בקבוק,נועה,שימוש שוטף
2026-01-12,סירופ קרמל,out,0.18,בקבוק,נועה,שימוש שוטף
2026-01-12,כוסות קטנות,out,20,יח׳,טל,שימוש שוטף
2026-01-12,כוסות קטנות,out,20,יח׳,דני,שימוש שוטף
2026-01-12,כוסות גדולות take-away,out,51,יח׳,נועה,שימוש שוטף
2026-01-12,מכסים,out,23,יח׳,טל,שימוש שוטף
2026-01-12,מכסים,out,23,יח׳,דני,שימוש שוטף
2026-01-12,מכסים,out,23,יח׳,דני,שימוש שוטף
2026-01-12,מפיות,out,1,חבילה,טל,שימוש שוטף
2026-01-12,מפיות,out,1,חבילה,דני,שימוש שוטף
2026-01-12,מפיות,out,1,חבילה,דני,שימוש שוטף
2026-01-12,שקיות נייר,out,10,יח׳,דני,שימוש שוטף
2026-01-12,שקיות נייר,out,10,יח׳,דני,שימוש שוטף
2026-01-12,שקיות נייר,out,10,יח׳,דני,שימוש שוטף
2026-01-12,לימונים,waste,1.41,"ק""ג",מיכל,פג תוקף
2026-01-12,קרואסון חמאה,waste,11,יח׳,מיכל,שאריות יום ראשון — תופעה חוזרת בימי שני בבוקר
2026-01-13,חלב 3%,in,29,ליטר,נועה,משלוח רגיל
2026-01-13,חלב שיבולת שועל,in,15,ליטר,נועה,משלוח רגיל — חסר מול ההזמנה
2026-01-13,קרואסון חמאה,in,23,יח׳,טל,משלוח רגיל
2026-01-13,קרואסון שוקולד,in,15,יח׳,מיכל,משלוח רגיל
2026-01-13,מאפה גבינה,in,11,יח׳,נועה,משלוח רגיל
2026-01-13,חלב 3%,out,12.41,ליטר,דני,שימוש שוטף
2026-01-13,חלב שיבולת שועל,out,12.99,ליטר,דני,שימוש שוטף
2026-01-13,חלב שקדים,out,1.27,ליטר,מיכל,שימוש שוטף
2026-01-13,חלב שקדים,out,1.27,ליטר,נועה,שימוש שוטף
2026-01-13,חלב שקדים,out,1.27,ליטר,טל,שימוש שוטף
2026-01-13,חלב סויה,out,1.79,ליטר,דני,שימוש שוטף
2026-01-13,חלב ללא לקטוז,out,0.97,ליטר,מיכל,שימוש שוטף
2026-01-13,שמנת מתוקה,out,0.5,ליטר,דני,שימוש שוטף
2026-01-13,שמנת מתוקה,out,0.5,ליטר,נועה,שימוש שוטף
2026-01-13,שמנת מתוקה,out,0.5,ליטר,מיכל,שימוש שוטף
2026-01-13,פולי ערביקה,out,0.95,"ק""ג",נועה,שימוש שוטף
2026-01-13,פולי ערביקה,out,0.95,"ק""ג",נועה,שימוש שוטף
2026-01-13,פולי ערביקה,out,0.95,"ק""ג",נועה,שימוש שוטף
2026-01-13,פולי רובוסטה,out,0.33,"ק""ג",נועה,שימוש שוטף
2026-01-13,פולי רובוסטה,out,0.33,"ק""ג",דני,שימוש שוטף
2026-01-13,פולי דקאף,out,0.11,"ק""ג",מיכל,שימוש שוטף
2026-01-13,פולי דקאף,out,0.11,"ק""ג",נועה,שימוש שוטף
2026-01-13,קרואסון חמאה,out,19,יח׳,דני,שימוש שוטף
2026-01-13,קרואסון שוקולד,out,15,יח׳,טל,שימוש שוטף
2026-01-13,מאפה גבינה,out,4,יח׳,מיכל,שימוש שוטף
2026-01-13,מאפה גבינה,out,4,יח׳,מיכל,שימוש שוטף
2026-01-13,מאפה גבינה,out,4,יח׳,דני,שימוש שוטף
2026-01-13,לימונים,out,0.75,"ק""ג",נועה,שימוש שוטף
2026-01-13,לימונים,out,0.75,"ק""ג",נועה,שימוש שוטף
2026-01-13,נענע,out,1.9,צרור,דני,שימוש שוטף
2026-01-13,נענע,out,1.9,צרור,נועה,שימוש שוטף
2026-01-13,סוכר לבן,out,0.8,"ק""ג",דני,שימוש שוטף
2026-01-13,סוכריות סוכר,out,28,יח׳,נועה,שימוש שוטף
2026-01-13,סוכריות סוכר,out,28,יח׳,מיכל,שימוש שוטף
2026-01-13,סוכריות סוכר,out,28,יח׳,נועה,שימוש שוטף
2026-01-13,סירופ וניל,out,0.12,בקבוק,מיכל,שימוש שוטף
2026-01-13,סירופ קרמל,out,0.2,בקבוק,נועה,שימוש שוטף
2026-01-13,כוסות קטנות,out,12,יח׳,דני,שימוש שוטף
2026-01-13,כוסות קטנות,out,12,יח׳,נועה,שימוש שוטף
2026-01-13,כוסות קטנות,out,12,יח׳,מיכל,שימוש שוטף
2026-01-13,כוסות גדולות take-away,out,18,יח׳,טל,שימוש שוטף
2026-01-13,כוסות גדולות take-away,out,18,יח׳,מיכל,שימוש שוטף
2026-01-13,כוסות גדולות take-away,out,18,יח׳,טל,שימוש שוטף
2026-01-13,מכסים,out,40,יח׳,טל,שימוש שוטף
2026-01-13,מכסים,out,40,יח׳,דני,שימוש שוטף
2026-01-13,מכסים,out,40,יח׳,נועה,שימוש שוטף
2026-01-13,מפיות,out,1,חבילה,נועה,שימוש שוטף
2026-01-13,מפיות,out,1,חבילה,נועה,שימוש שוטף
2026-01-13,מפיות,out,1,חבילה,דני,שימוש שוטף
2026-01-13,שקיות נייר,out,37,יח׳,מיכל,שימוש שוטף
2026-01-13,חלב שיבולת שועל,out,3,ליטר,מיכל,"שוב נגמר — לקוחות התלוננו, החזרנו 2 לקוחות בלי כסף"
2026-01-13,קרואסון חמאה,waste,4,יח׳,נועה,שאריות מאתמול — לא נמכרו
2026-01-13,קרואסון שוקולד,waste,5,יח׳,דני,שאריות מאתמול — לא נמכרו
2026-01-13,נענע,waste,0.39,צרור,מיכל,נבל במקרר
2026-01-14,חלב ללא לקטוז,in,7,ליטר,נועה,משלוח רגיל
2026-01-14,שמנת מתוקה,in,5,ליטר,נועה,משלוח רגיל
2026-01-14,פולי ערביקה,in,18,"ק""ג",נועה,משלוח רגיל
2026-01-14,פולי רובוסטה,in,8,"ק""ג",מיכל,משלוח רגיל
2026-01-14,קרואסון חמאה,in,21,יח׳,דני,משלוח רגיל
2026-01-14,קרואסון שוקולד,in,15,יח׳,טל,משלוח רגיל
2026-01-14,מאפה גבינה,in,12,יח׳,טל,משלוח רגיל
2026-01-14,לימונים,in,4,"ק""ג",נועה,משלוח רגיל
2026-01-14,נענע,in,8,צרור,מיכל,משלוח רגיל
2026-01-14,סוכר לבן,in,10,"ק""ג",נועה,משלוח רגיל
2026-01-14,סוכריות סוכר,in,848,יח׳,מיכל,משלוח רגיל
2026-01-14,כוסות קטנות,in,315,יח׳,נועה,משלוח רגיל
2026-01-14,מפיות,in,17,חבילה,דני,משלוח רגיל
2026-01-14,שקיות נייר,in,248,יח׳,דני,משלוח רגיל
2026-01-14,חלב 3%,out,15.78,ליטר,דני,שימוש שוטף
2026-01-14,חלב שיבולת שועל,out,7.55,ליטר,נועה,שימוש שוטף
2026-01-14,חלב שיבולת שועל,out,7.55,ליטר,דני,שימוש שוטף
2026-01-14,חלב שקדים,out,3.57,ליטר,מיכל,שימוש שוטף
2026-01-14,חלב סויה,out,0.73,ליטר,דני,שימוש שוטף
2026-01-14,חלב סויה,out,0.73,ליטר,נועה,שימוש שוטף
2026-01-14,חלב ללא לקטוז,out,1.2,ליטר,דני,שימוש שוטף
2026-01-14,שמנת מתוקה,out,1.12,ליטר,נועה,שימוש שוטף
2026-01-14,שמנת מתוקה,out,1.12,ליטר,מיכל,שימוש שוטף
2026-01-14,פולי ערביקה,out,1.16,"ק""ג",נועה,שימוש שוטף
2026-01-14,פולי ערביקה,out,1.16,"ק""ג",טל,שימוש שוטף
2026-01-14,פולי רובוסטה,out,0.53,"ק""ג",נועה,שימוש שוטף
2026-01-14,פולי דקאף,out,0.1,"ק""ג",נועה,שימוש שוטף
2026-01-14,פולי דקאף,out,0.1,"ק""ג",טל,שימוש שוטף
2026-01-14,פולי דקאף,out,0.1,"ק""ג",דני,שימוש שוטף
2026-01-14,קרואסון חמאה,out,6,יח׳,דני,שימוש שוטף
2026-01-14,קרואסון חמאה,out,6,יח׳,נועה,שימוש שוטף
2026-01-14,קרואסון חמאה,out,6,יח׳,מיכל,שימוש שוטף
2026-01-14,קרואסון שוקולד,out,5,יח׳,טל,שימוש שוטף
2026-01-14,קרואסון שוקולד,out,5,יח׳,דני,שימוש שוטף
2026-01-14,קרואסון שוקולד,out,5,יח׳,נועה,שימוש שוטף
2026-01-14,מאפה גבינה,out,6,יח׳,נועה,שימוש שוטף
2026-01-14,מאפה גבינה,out,6,יח׳,נועה,שימוש שוטף
2026-01-14,לימונים,out,0.57,"ק""ג",נועה,שימוש שוטף
2026-01-14,לימונים,out,0.57,"ק""ג",נועה,שימוש שוטף
2026-01-14,לימונים,out,0.57,"ק""ג",דני,שימוש שוטף
2026-01-14,נענע,out,1.93,צרור,דני,שימוש שוטף
2026-01-14,נענע,out,1.93,צרור,נועה,שימוש שוטף
2026-01-14,סוכר לבן,out,0.99,"ק""ג",נועה,שימוש שוטף
2026-01-14,סוכריות סוכר,out,51,יח׳,מיכל,שימוש שוטף
2026-01-14,סוכריות סוכר,out,51,יח׳,נועה,שימוש שוטף
2026-01-14,סירופ וניל,out,0.18,בקבוק,נועה,שימוש שוטף
2026-01-14,סירופ קרמל,out,0.09,בקבוק,דני,שימוש שוטף
2026-01-14,סירופ קרמל,out,0.09,בקבוק,דני,שימוש שוטף
2026-01-14,כוסות קטנות,out,14,יח׳,טל,שימוש שוטף
2026-01-14,כוסות קטנות,out,14,יח׳,דני,שימוש שוטף
2026-01-14,כוסות קטנות,out,14,יח׳,מיכל,שימוש שוטף
2026-01-14,כוסות גדולות take-away,out,62,יח׳,טל,שימוש שוטף
2026-01-14,מכסים,out,42,יח׳,נועה,שימוש שוטף
2026-01-14,מכסים,out,42,יח׳,מיכל,שימוש שוטף
2026-01-14,מפיות,out,1,חבילה,דני,שימוש שוטף
2026-01-14,מפיות,out,1,חבילה,מיכל,שימוש שוטף
2026-01-14,מפיות,out,1,חבילה,טל,שימוש שוטף
2026-01-14,שקיות נייר,out,26,יח׳,דני,שימוש שוטף
2026-01-14,חלב 3%,waste,0.4,ליטר,נועה,תפוגה — נפתח ולא נגמר במשמרת
2026-01-14,פולי דקאף,waste,0.92,"ק""ג",נועה,פג תוקף
2026-01-14,נענע,waste,1.16,צרור,טל,נבל במקרר
2026-01-15,חלב 3%,in,29,ליטר,מיכל,משלוח רגיל
2026-01-15,חלב שיבולת שועל,in,12,ליטר,נועה,משלוח רגיל — חסר מול ההזמנה
2026-01-15,קרואסון חמאה,in,23,יח׳,נועה,משלוח רגיל
2026-01-15,קרואסון שוקולד,in,15,יח׳,נועה,משלוח רגיל
2026-01-15,מאפה גבינה,in,11,יח׳,מיכל,משלוח רגיל
2026-01-15,חלב 3%,out,11.0,ליטר,מיכל,שימוש שוטף
2026-01-15,חלב שיבולת שועל,out,3.73,ליטר,נועה,שימוש שוטף
2026-01-15,חלב שיבולת שועל,out,3.73,ליטר,נועה,שימוש שוטף
2026-01-15,חלב שיבולת שועל,out,3.73,ליטר,מיכל,שימוש שוטף
2026-01-15,חלב שקדים,out,1.38,ליטר,מיכל,שימוש שוטף
2026-01-15,חלב שקדים,out,1.38,ליטר,נועה,שימוש שוטף
2026-01-15,חלב סויה,out,0.89,ליטר,נועה,שימוש שוטף
2026-01-15,חלב סויה,out,0.89,ליטר,מיכל,שימוש שוטף
2026-01-15,חלב ללא לקטוז,out,0.26,ליטר,מיכל,שימוש שוטף
2026-01-15,חלב ללא לקטוז,out,0.26,ליטר,מיכל,שימוש שוטף
2026-01-15,חלב ללא לקטוז,out,0.26,ליטר,נועה,שימוש שוטף
2026-01-15,שמנת מתוקה,out,0.83,ליטר,נועה,שימוש שוטף
2026-01-15,שמנת מתוקה,out,0.83,ליטר,נועה,שימוש שוטף
2026-01-15,שמנת מתוקה,out,0.83,ליטר,מיכל,שימוש שוטף
2026-01-15,פולי ערביקה,out,0.9,"ק""ג",נועה,שימוש שוטף
2026-01-15,פולי ערביקה,out,0.9,"ק""ג",מיכל,שימוש שוטף
2026-01-15,פולי ערביקה,out,0.9,"ק""ג",מיכל,שימוש שוטף
2026-01-15,פולי רובוסטה,out,0.34,"ק""ג",נועה,שימוש שוטף
2026-01-15,פולי רובוסטה,out,0.34,"ק""ג",נועה,שימוש שוטף
2026-01-15,פולי דקאף,out,0.34,"ק""ג",מיכל,שימוש שוטף
2026-01-15,קרואסון חמאה,out,28,יח׳,מיכל,שימוש שוטף
2026-01-15,קרואסון שוקולד,out,4,יח׳,מיכל,שימוש שוטף
2026-01-15,קרואסון שוקולד,out,4,יח׳,נועה,שימוש שוטף
2026-01-15,קרואסון שוקולד,out,4,יח׳,מיכל,שימוש שוטף
2026-01-15,מאפה גבינה,out,3,יח׳,נועה,שימוש שוטף
2026-01-15,מאפה גבינה,out,3,יח׳,נועה,שימוש שוטף
2026-01-15,מאפה גבינה,out,3,יח׳,נועה,שימוש שוטף
2026-01-15,לימונים,out,0.81,"ק""ג",נועה,שימוש שוטף
2026-01-15,לימונים,out,0.81,"ק""ג",מיכל,שימוש שוטף
2026-01-15,נענע,out,1.08,צרור,נועה,שימוש שוטף
2026-01-15,נענע,out,1.08,צרור,מיכל,שימוש שוטף
2026-01-15,נענע,out,1.08,צרור,נועה,שימוש שוטף
2026-01-15,סוכר לבן,out,0.96,"ק""ג",נועה,שימוש שוטף
2026-01-15,סוכריות סוכר,out,107,יח׳,מיכל,שימוש שוטף
2026-01-15,סירופ וניל,out,0.06,בקבוק,מיכל,שימוש שוטף
2026-01-15,סירופ וניל,out,0.06,בקבוק,נועה,שימוש שוטף
2026-01-15,סירופ וניל,out,0.06,בקבוק,מיכל,שימוש שוטף
2026-01-15,סירופ קרמל,out,0.19,בקבוק,מיכל,שימוש שוטף
2026-01-15,כוסות קטנות,out,12,יח׳,מיכל,שימוש שוטף
2026-01-15,כוסות קטנות,out,12,יח׳,נועה,שימוש שוטף
2026-01-15,כוסות קטנות,out,12,יח׳,מיכל,שימוש שוטף
2026-01-15,כוסות גדולות take-away,out,19,יח׳,מיכל,שימוש שוטף
2026-01-15,כוסות גדולות take-away,out,19,יח׳,נועה,שימוש שוטף
2026-01-15,כוסות גדולות take-away,out,19,יח׳,מיכל,שימוש שוטף
2026-01-15,מכסים,out,36,יח׳,נועה,שימוש שוטף
2026-01-15,מכסים,out,36,יח׳,נועה,שימוש שוטף
2026-01-15,מכסים,out,36,יח׳,נועה,שימוש שוטף
2026-01-15,מפיות,out,1,חבילה,מיכל,שימוש שוטף
2026-01-15,שקיות נייר,out,17,יח׳,מיכל,שימוש שוטף
2026-01-15,שקיות נייר,out,17,יח׳,מיכל,שימוש שוטף
2026-01-15,חלב סויה,waste,0.52,ליטר,נועה,תפוגה — נפתח ולא נגמר במשמרת
2026-01-16,חלב שקדים,in,12,ליטר,דני,משלוח רגיל
2026-01-16,חלב סויה,in,10,ליטר,מיכל,משלוח רגיל
2026-01-16,קרואסון חמאה,in,20,יח׳,מיכל,משלוח רגיל
2026-01-16,קרואסון שוקולד,in,15,יח׳,מיכל,משלוח רגיל
2026-01-16,מאפה גבינה,in,12,יח׳,דני,משלוח רגיל
2026-01-16,כוסות גדולות take-away,in,356,יח׳,דני,משלוח רגיל
2026-01-16,מכסים,in,496,יח׳,דני,משלוח רגיל
2026-01-16,חלב 3%,out,15.58,ליטר,מיכל,שימוש שוטף
2026-01-16,חלב שיבולת שועל,out,3.7,ליטר,דני,שימוש שוטף
2026-01-16,חלב שיבולת שועל,out,3.7,ליטר,מיכל,שימוש שוטף
2026-01-16,חלב שקדים,out,1.17,ליטר,מיכל,שימוש שוטף
2026-01-16,חלב שקדים,out,1.17,ליטר,דני,שימוש שוטף
2026-01-16,חלב סויה,out,1.57,ליטר,מיכל,שימוש שוטף
2026-01-16,חלב ללא לקטוז,out,0.32,ליטר,דני,שימוש שוטף
2026-01-16,חלב ללא לקטוז,out,0.32,ליטר,דני,שימוש שוטף
2026-01-16,חלב ללא לקטוז,out,0.32,ליטר,דני,שימוש שוטף
2026-01-16,שמנת מתוקה,out,0.59,ליטר,דני,שימוש שוטף
2026-01-16,שמנת מתוקה,out,0.59,ליטר,מיכל,שימוש שוטף
2026-01-16,שמנת מתוקה,out,0.59,ליטר,דני,שימוש שוטף
2026-01-16,פולי ערביקה,out,1.4,"ק""ג",מיכל,שימוש שוטף
2026-01-16,פולי ערביקה,out,1.4,"ק""ג",מיכל,שימוש שוטף
2026-01-16,פולי רובוסטה,out,0.5,"ק""ג",מיכל,שימוש שוטף
2026-01-16,פולי דקאף,out,0.16,"ק""ג",דני,שימוש שוטף
2026-01-16,פולי דקאף,out,0.16,"ק""ג",דני,שימוש שוטף
2026-01-16,קרואסון חמאה,out,27,יח׳,דני,שימוש שוטף
2026-01-16,קרואסון שוקולד,out,5,יח׳,מיכל,שימוש שוטף
2026-01-16,קרואסון שוקולד,out,5,יח׳,מיכל,שימוש שוטף
2026-01-16,קרואסון שוקולד,out,5,יח׳,מיכל,שימוש שוטף
2026-01-16,מאפה גבינה,out,4,יח׳,מיכל,שימוש שוטף
2026-01-16,מאפה גבינה,out,4,יח׳,דני,שימוש שוטף
2026-01-16,מאפה גבינה,out,4,יח׳,מיכל,שימוש שוטף
2026-01-16,לימונים,out,0.78,"ק""ג",מיכל,שימוש שוטף
2026-01-16,לימונים,out,0.78,"ק""ג",מיכל,שימוש שוטף
2026-01-16,נענע,out,1.5,צרור,מיכל,שימוש שוטף
2026-01-16,נענע,out,1.5,צרור,מיכל,שימוש שוטף
2026-01-16,סוכר לבן,out,0.4,"ק""ג",מיכל,שימוש שוטף
2026-01-16,סוכר לבן,out,0.4,"ק""ג",דני,שימוש שוטף
2026-01-16,סוכריות סוכר,out,35,יח׳,מיכל,שימוש שוטף
2026-01-16,סוכריות סוכר,out,35,יח׳,דני,שימוש שוטף
2026-01-16,סוכריות סוכר,out,35,יח׳,דני,שימוש שוטף
2026-01-16,סירופ וניל,out,0.06,בקבוק,דני,שימוש שוטף
2026-01-16,סירופ וניל,out,0.06,בקבוק,דני,שימוש שוטף
2026-01-16,סירופ וניל,out,0.06,בקבוק,מיכל,שימוש שוטף
2026-01-16,סירופ קרמל,out,0.08,בקבוק,מיכל,שימוש שוטף
2026-01-16,סירופ קרמל,out,0.08,בקבוק,מיכל,שימוש שוטף
2026-01-16,כוסות קטנות,out,18,יח׳,דני,שימוש שוטף
2026-01-16,כוסות קטנות,out,18,יח׳,דני,שימוש שוטף
2026-01-16,כוסות קטנות,out,18,יח׳,מיכל,שימוש שוטף
2026-01-16,כוסות גדולות take-away,out,73,יח׳,דני,שימוש שוטף
2026-01-16,מכסים,out,37,יח׳,דני,שימוש שוטף
2026-01-16,מכסים,out,37,יח׳,מיכל,שימוש שוטף
2026-01-16,מפיות,out,1,חבילה,מיכל,שימוש שוטף
2026-01-16,שקיות נייר,out,19,יח׳,מיכל,שימוש שוטף
2026-01-16,שקיות נייר,out,19,יח׳,דני,שימוש שוטף
2026-01-18,חלב 3%,in,30,ליטר,מיכל,משלוח רגיל
2026-01-18,חלב שיבולת שועל,in,16,ליטר,דני,משלוח רגיל — חסר מול ההזמנה
2026-01-18,שמנת מתוקה,in,6,ליטר,מיכל,משלוח רגיל
2026-01-18,קרואסון חמאה,in,23,יח׳,נועה,משלוח רגיל
2026-01-18,קרואסון שוקולד,in,14,יח׳,נועה,משלוח רגיל
2026-01-18,מאפה גבינה,in,12,יח׳,נועה,משלוח רגיל
2026-01-18,לימונים,in,4,"ק""ג",מיכל,משלוח רגיל
2026-01-18,נענע,in,9,צרור,דני,משלוח רגיל
2026-01-18,חלב 3%,out,15.73,ליטר,דני,שימוש שוטף
2026-01-18,חלב שיבולת שועל,out,4.0,ליטר,נועה,שימוש שוטף
2026-01-18,חלב שיבולת שועל,out,4.0,ליטר,טל,שימוש שוטף
2026-01-18,חלב שקדים,out,1.66,ליטר,מיכל,שימוש שוטף
2026-01-18,חלב שקדים,out,1.66,ליטר,מיכל,שימוש שוטף
2026-01-18,חלב סויה,out,1.07,ליטר,נועה,שימוש שוטף
2026-01-18,חלב סויה,out,1.07,ליטר,נועה,שימוש שוטף
2026-01-18,חלב ללא לקטוז,out,1.26,ליטר,טל,שימוש שוטף
2026-01-18,שמנת מתוקה,out,0.89,ליטר,נועה,שימוש שוטף
2026-01-18,שמנת מתוקה,out,0.89,ליטר,טל,שימוש שוטף
2026-01-18,פולי ערביקה,out,1.22,"ק""ג",דני,שימוש שוטף
2026-01-18,פולי ערביקה,out,1.22,"ק""ג",דני,שימוש שוטף
2026-01-18,פולי רובוסטה,out,0.36,"ק""ג",טל,שימוש שוטף
2026-01-18,פולי רובוסטה,out,0.36,"ק""ג",מיכל,שימוש שוטף
2026-01-18,פולי דקאף,out,0.19,"ק""ג",נועה,שימוש שוטף
2026-01-18,פולי דקאף,out,0.19,"ק""ג",טל,שימוש שוטף
2026-01-18,קרואסון חמאה,out,6,יח׳,דני,שימוש שוטף
2026-01-18,קרואסון חמאה,out,6,יח׳,נועה,שימוש שוטף
2026-01-18,קרואסון חמאה,out,6,יח׳,נועה,שימוש שוטף
2026-01-18,קרואסון שוקולד,out,4,יח׳,נועה,שימוש שוטף
2026-01-18,קרואסון שוקולד,out,4,יח׳,נועה,שימוש שוטף
2026-01-18,קרואסון שוקולד,out,4,יח׳,נועה,שימוש שוטף
2026-01-18,מאפה גבינה,out,5,יח׳,נועה,שימוש שוטף
2026-01-18,מאפה גבינה,out,5,יח׳,מיכל,שימוש שוטף
2026-01-18,מאפה גבינה,out,5,יח׳,מיכל,שימוש שוטף
2026-01-18,לימונים,out,0.67,"ק""ג",דני,שימוש שוטף
2026-01-18,לימונים,out,0.67,"ק""ג",טל,שימוש שוטף
2026-01-18,נענע,out,1.21,צרור,נועה,שימוש שוטף
2026-01-18,נענע,out,1.21,צרור,טל,שימוש שוטף
2026-01-18,נענע,out,1.21,צרור,דני,שימוש שוטף
2026-01-18,סוכר לבן,out,1.04,"ק""ג",נועה,שימוש שוטף
2026-01-18,סוכריות סוכר,out,51,יח׳,טל,שימוש שוטף
2026-01-18,סוכריות סוכר,out,51,יח׳,מיכל,שימוש שוטף
2026-01-18,סוכריות סוכר,out,51,יח׳,נועה,שימוש שוטף
2026-01-18,סירופ וניל,out,0.19,בקבוק,נועה,שימוש שוטף
2026-01-18,סירופ קרמל,out,0.06,בקבוק,דני,שימוש שוטף
2026-01-18,סירופ קרמל,out,0.06,בקבוק,טל,שימוש שוטף
2026-01-18,סירופ קרמל,out,0.06,בקבוק,מיכל,שימוש שוטף
2026-01-18,כוסות קטנות,out,53,יח׳,נועה,שימוש שוטף
2026-01-18,כוסות גדולות take-away,out,18,יח׳,נועה,שימוש שוטף
2026-01-18,כוסות גדולות take-away,out,18,יח׳,מיכל,שימוש שוטף
2026-01-18,כוסות גדולות take-away,out,18,יח׳,מיכל,שימוש שוטף
2026-01-18,מכסים,out,76,יח׳,מיכל,שימוש שוטף
2026-01-18,מפיות,out,1,חבילה,נועה,שימוש שוטף
2026-01-18,מפיות,out,1,חבילה,מיכל,שימוש שוטף
2026-01-18,שקיות נייר,out,34,יח׳,טל,שימוש שוטף
2026-01-18,שקיות נייר,waste,5,יח׳,נועה,פג תוקף
2026-01-19,קרואסון חמאה,in,36,יח׳,מיכל,הזמנה שבועית — הוזמן יותר מדי (התראה לרונית)
2026-01-19,קרואסון שוקולד,in,24,יח׳,דני,הזמנה שבועית — הוזמן יותר מדי (התראה לרונית)
2026-01-19,מאפה גבינה,in,11,יח׳,נועה,משלוח רגיל
2026-01-19,חלב 3%,out,8.91,ליטר,נועה,שימוש שוטף
2026-01-19,חלב 3%,out,8.91,ליטר,מיכל,שימוש שוטף
2026-01-19,חלב שיבולת שועל,out,9.91,ליטר,דני,שימוש שוטף
2026-01-19,חלב שקדים,out,1.0,ליטר,מיכל,שימוש שוטף
2026-01-19,חלב שקדים,out,1.0,ליטר,מיכל,שימוש שוטף
2026-01-19,חלב שקדים,out,1.0,ליטר,נועה,שימוש שוטף
2026-01-19,חלב סויה,out,0.92,ליטר,נועה,שימוש שוטף
2026-01-19,חלב סויה,out,0.92,ליטר,טל,שימוש שוטף
2026-01-19,חלב ללא לקטוז,out,0.57,ליטר,דני,שימוש שוטף
2026-01-19,חלב ללא לקטוז,out,0.57,ליטר,דני,שימוש שוטף
2026-01-19,שמנת מתוקה,out,1.15,ליטר,מיכל,שימוש שוטף
2026-01-19,שמנת מתוקה,out,1.15,ליטר,מיכל,שימוש שוטף
2026-01-19,פולי ערביקה,out,1.08,"ק""ג",מיכל,שימוש שוטף
2026-01-19,פולי ערביקה,out,1.08,"ק""ג",נועה,שימוש שוטף
2026-01-19,פולי ערביקה,out,1.08,"ק""ג",דני,שימוש שוטף
2026-01-19,פולי רובוסטה,out,0.75,"ק""ג",נועה,שימוש שוטף
2026-01-19,פולי דקאף,out,0.08,"ק""ג",דני,שימוש שוטף
2026-01-19,פולי דקאף,out,0.08,"ק""ג",נועה,שימוש שוטף
2026-01-19,פולי דקאף,out,0.08,"ק""ג",מיכל,שימוש שוטף
2026-01-19,קרואסון חמאה,out,5,יח׳,דני,שימוש שוטף
2026-01-19,קרואסון חמאה,out,5,יח׳,מיכל,שימוש שוטף
2026-01-19,קרואסון שוקולד,out,10,יח׳,מיכל,שימוש שוטף
2026-01-19,מאפה גבינה,out,13,יח׳,דני,שימוש שוטף
2026-01-19,לימונים,out,0.84,"ק""ג",דני,שימוש שוטף
2026-01-19,לימונים,out,0.84,"ק""ג",נועה,שימוש שוטף
2026-01-19,נענע,out,1.08,צרור,דני,שימוש שוטף
2026-01-19,נענע,out,1.08,צרור,מיכל,שימוש שוטף
2026-01-19,סוכר לבן,out,0.29,"ק""ג",דני,שימוש שוטף
2026-01-19,סוכר לבן,out,0.29,"ק""ג",טל,שימוש שוטף
2026-01-19,סוכר לבן,out,0.29,"ק""ג",נועה,שימוש שוטף
2026-01-19,סוכריות סוכר,out,55,יח׳,מיכל,שימוש שוטף
2026-01-19,סוכריות סוכר,out,55,יח׳,מיכל,שימוש שוטף
2026-01-19,סירופ וניל,out,0.06,בקבוק,נועה,שימוש שוטף
2026-01-19,סירופ וניל,out,0.06,בקבוק,טל,שימוש שוטף
2026-01-19,סירופ וניל,out,0.06,בקבוק,נועה,שימוש שוטף
2026-01-19,סירופ קרמל,out,0.22,בקבוק,מיכל,שימוש שוטף
2026-01-19,כוסות קטנות,out,24,יח׳,דני,שימוש שוטף
2026-01-19,כוסות קטנות,out,24,יח׳,דני,שימוש שוטף
2026-01-19,כוסות גדולות take-away,out,63,יח׳,נועה,שימוש שוטף
2026-01-19,מכסים,out,36,יח׳,נועה,שימוש שוטף
2026-01-19,מכסים,out,36,יח׳,מיכל,שימוש שוטף
2026-01-19,מכסים,out,36,יח׳,דני,שימוש שוטף
2026-01-19,מפיות,out,1,חבילה,נועה,שימוש שוטף
2026-01-19,שקיות נייר,out,18,יח׳,מיכל,שימוש שוטף
2026-01-19,שקיות נייר,out,18,יח׳,נועה,שימוש שוטף
2026-01-19,חלב 3%,waste,1.08,ליטר,מיכל,תפוגה — נפתח ולא נגמר במשמרת
2026-01-19,קרואסון חמאה,waste,16,יח׳,נועה,שאריות — להוריד הזמנת ראשון מ-40 ל-28
2026-01-20,חלב 3%,in,28,ליטר,נועה,משלוח רגיל
2026-01-20,חלב שיבולת שועל,in,16,ליטר,נועה,משלוח רגיל — חסר מול ההזמנה
2026-01-20,חלב שקדים,in,12,ליטר,טל,משלוח רגיל
2026-01-20,קרואסון חמאה,in,21,יח׳,דני,משלוח רגיל
2026-01-20,קרואסון שוקולד,in,14,יח׳,נועה,משלוח רגיל
2026-01-20,מאפה גבינה,in,11,יח׳,מיכל,משלוח רגיל
2026-01-20,חלב 3%,out,16.14,ליטר,מיכל,שימוש שוטף
2026-01-20,חלב שיבולת שועל,out,4.23,ליטר,דני,שימוש שוטף
2026-01-20,חלב שיבולת שועל,out,4.23,ליטר,מיכל,שימוש שוטף
2026-01-20,חלב שיבולת שועל,out,4.23,ליטר,מיכל,שימוש שוטף
2026-01-20,חלב שקדים,out,0.83,ליטר,נועה,שימוש שוטף
2026-01-20,חלב שקדים,out,0.83,ליטר,נועה,שימוש שוטף
2026-01-20,חלב שקדים,out,0.83,ליטר,טל,שימוש שוטף
2026-01-20,חלב סויה,out,2.15,ליטר,דני,שימוש שוטף
2026-01-20,חלב ללא לקטוז,out,0.63,ליטר,מיכל,שימוש שוטף
2026-01-20,חלב ללא לקטוז,out,0.63,ליטר,מיכל,שימוש שוטף
2026-01-20,שמנת מתוקה,out,0.94,ליטר,נועה,שימוש שוטף
2026-01-20,שמנת מתוקה,out,0.94,ליטר,נועה,שימוש שוטף
2026-01-20,פולי ערביקה,out,3.39,"ק""ג",נועה,שימוש שוטף
2026-01-20,פולי רובוסטה,out,0.37,"ק""ג",דני,שימוש שוטף
2026-01-20,פולי רובוסטה,out,0.37,"ק""ג",טל,שימוש שוטף
2026-01-20,פולי דקאף,out,0.28,"ק""ג",נועה,שימוש שוטף
2026-01-20,קרואסון חמאה,out,8,יח׳,מיכל,שימוש שוטף
2026-01-20,קרואסון חמאה,out,8,יח׳,נועה,שימוש שוטף
2026-01-20,קרואסון שוקולד,out,5,יח׳,דני,שימוש שוטף
2026-01-20,קרואסון שוקולד,out,5,יח׳,דני,שימוש שוטף
2026-01-20,קרואסון שוקולד,out,5,יח׳,מיכל,שימוש שוטף
2026-01-20,מאפה גבינה,out,5,יח׳,דני,שימוש שוטף
2026-01-20,מאפה גבינה,out,5,יח׳,נועה,שימוש שוטף
2026-01-20,מאפה גבינה,out,5,יח׳,דני,שימוש שוטף
2026-01-20,לימונים,out,1.55,"ק""ג",מיכל,שימוש שוטף
2026-01-20,נענע,out,1.09,צרור,נועה,שימוש שוטף
2026-01-20,נענע,out,1.09,צרור,נועה,שימוש שוטף
2026-01-20,נענע,out,1.09,צרור,מיכל,שימוש שוטף
2026-01-20,סוכר לבן,out,0.26,"ק""ג",מיכל,שימוש שוטף
2026-01-20,סוכר לבן,out,0.26,"ק""ג",טל,שימוש שוטף
2026-01-20,סוכר לבן,out,0.26,"ק""ג",נועה,שימוש שוטף
2026-01-20,סוכריות סוכר,out,48,יח׳,מיכל,שימוש שוטף
2026-01-20,סוכריות סוכר,out,48,יח׳,נועה,שימוש שוטף
2026-01-20,סוכריות סוכר,out,48,יח׳,דני,שימוש שוטף
2026-01-20,סירופ וניל,out,0.05,בקבוק,נועה,שימוש שוטף
2026-01-20,סירופ וניל,out,0.05,בקבוק,נועה,שימוש שוטף
2026-01-20,סירופ וניל,out,0.05,בקבוק,נועה,שימוש שוטף
2026-01-20,סירופ קרמל,out,0.09,בקבוק,טל,שימוש שוטף
2026-01-20,סירופ קרמל,out,0.09,בקבוק,נועה,שימוש שוטף
2026-01-20,כוסות קטנות,out,28,יח׳,דני,שימוש שוטף
2026-01-20,כוסות קטנות,out,28,יח׳,דני,שימוש שוטף
2026-01-20,כוסות גדולות take-away,out,26,יח׳,מיכל,שימוש שוטף
2026-01-20,כוסות גדולות take-away,out,26,יח׳,דני,שימוש שוטף
2026-01-20,מכסים,out,40,יח׳,טל,שימוש שוטף
2026-01-20,מכסים,out,40,יח׳,דני,שימוש שוטף
2026-01-20,מכסים,out,40,יח׳,מיכל,שימוש שוטף
2026-01-20,מפיות,out,1,חבילה,נועה,שימוש שוטף
2026-01-20,מפיות,out,1,חבילה,נועה,שימוש שוטף
2026-01-20,מפיות,out,1,חבילה,דני,שימוש שוטף
2026-01-20,שקיות נייר,out,24,יח׳,דני,שימוש שוטף
2026-01-20,חלב שיבולת שועל,out,5,ליטר,נועה,נגמר 11:00 — להגדיל הזמנה ל-12 ליטר במקום 9
2026-01-20,קרואסון חמאה,waste,7,יח׳,דני,שאריות מאתמול — לא נמכרו
2026-01-20,קרואסון שוקולד,waste,2,יח׳,נועה,שאריות מאתמול — לא נמכרו
2026-01-21,חלב סויה,in,10,ליטר,נועה,משלוח רגיל
2026-01-21,חלב ללא לקטוז,in,6,ליטר,נועה,משלוח רגיל
2026-01-21,שמנת מתוקה,in,6,ליטר,נועה,משלוח רגיל
2026-01-21,פולי ערביקה,in,18,"ק""ג",נועה,משלוח רגיל
2026-01-21,פולי דקאף,in,6,"ק""ג",נועה,משלוח רגיל
2026-01-21,קרואסון חמאה,in,23,יח׳,דני,משלוח רגיל
2026-01-21,קרואסון שוקולד,in,15,יח׳,מיכל,משלוח רגיל
2026-01-21,מאפה גבינה,in,12,יח׳,מיכל,משלוח רגיל
2026-01-21,לימונים,in,4,"ק""ג",טל,משלוח רגיל
2026-01-21,נענע,in,9,צרור,דני,משלוח רגיל
2026-01-21,סוכריות סוכר,in,871,יח׳,נועה,משלוח רגיל
2026-01-21,כוסות קטנות,in,320,יח׳,דני,משלוח רגיל
2026-01-21,כוסות גדולות take-away,in,346,יח׳,מיכל,משלוח רגיל
2026-01-21,מכסים,in,515,יח׳,טל,משלוח רגיל
2026-01-21,שקיות נייר,in,238,יח׳,נועה,משלוח רגיל
2026-01-21,חלב 3%,out,5.05,ליטר,טל,שימוש שוטף
2026-01-21,חלב 3%,out,5.05,ליטר,טל,שימוש שוטף
2026-01-21,חלב 3%,out,5.05,ליטר,מיכל,שימוש שוטף
2026-01-21,חלב שיבולת שועל,out,12.36,ליטר,נועה,שימוש שוטף
2026-01-21,חלב שקדים,out,3.0,ליטר,מיכל,שימוש שוטף
2026-01-21,חלב סויה,out,2.03,ליטר,נועה,שימוש שוטף
2026-01-21,חלב ללא לקטוז,out,0.37,ליטר,טל,שימוש שוטף
2026-01-21,חלב ללא לקטוז,out,0.37,ליטר,דני,שימוש שוטף
2026-01-21,שמנת מתוקה,out,2.18,ליטר,מיכל,שימוש שוטף
2026-01-21,פולי ערביקה,out,0.92,"ק""ג",דני,שימוש שוטף
2026-01-21,פולי ערביקה,out,0.92,"ק""ג",מיכל,שימוש שוטף
2026-01-21,פולי ערביקה,out,0.92,"ק""ג",נועה,שימוש שוטף
2026-01-21,פולי רובוסטה,out,0.23,"ק""ג",דני,שימוש שוטף
2026-01-21,פולי רובוסטה,out,0.23,"ק""ג",מיכל,שימוש שוטף
2026-01-21,פולי רובוסטה,out,0.23,"ק""ג",נועה,שימוש שוטף
2026-01-21,פולי דקאף,out,0.12,"ק""ג",דני,שימוש שוטף
2026-01-21,פולי דקאף,out,0.12,"ק""ג",נועה,שימוש שוטף
2026-01-21,פולי דקאף,out,0.12,"ק""ג",נועה,שימוש שוטף
2026-01-21,קרואסון חמאה,out,17,יח׳,מיכל,שימוש שוטף
2026-01-21,קרואסון שוקולד,out,9,יח׳,נועה,שימוש שוטף
2026-01-21,קרואסון שוקולד,out,9,יח׳,דני,שימוש שוטף
2026-01-21,מאפה גבינה,out,3,יח׳,מיכל,שימוש שוטף
2026-01-21,מאפה גבינה,out,3,יח׳,נועה,שימוש שוטף
2026-01-21,מאפה גבינה,out,3,יח׳,טל,שימוש שוטף
2026-01-21,לימונים,out,1.14,"ק""ג",נועה,שימוש שוטף
2026-01-21,נענע,out,0.94,צרור,מיכל,שימוש שוטף
2026-01-21,נענע,out,0.94,צרור,נועה,שימוש שוטף
2026-01-21,נענע,out,0.94,צרור,נועה,שימוש שוטף
2026-01-21,סוכר לבן,out,0.33,"ק""ג",דני,שימוש שוטף
2026-01-21,סוכר לבן,out,0.33,"ק""ג",נועה,שימוש שוטף
2026-01-21,סוכריות סוכר,out,35,יח׳,נועה,שימוש שוטף
2026-01-21,סוכריות סוכר,out,35,יח׳,נועה,שימוש שוטף
2026-01-21,סוכריות סוכר,out,35,יח׳,נועה,שימוש שוטף
2026-01-21,סירופ וניל,out,0.04,בקבוק,נועה,שימוש שוטף
2026-01-21,סירופ וניל,out,0.04,בקבוק,נועה,שימוש שוטף
2026-01-21,סירופ וניל,out,0.04,בקבוק,נועה,שימוש שוטף
2026-01-21,סירופ קרמל,out,0.08,בקבוק,נועה,שימוש שוטף
2026-01-21,סירופ קרמל,out,0.08,בקבוק,נועה,שימוש שוטף
2026-01-21,כוסות קטנות,out,17,יח׳,נועה,שימוש שוטף
2026-01-21,כוסות קטנות,out,17,יח׳,דני,שימוש שוטף
2026-01-21,כוסות גדולות take-away,out,56,יח׳,נועה,שימוש שוטף
2026-01-21,מכסים,out,99,יח׳,נועה,שימוש שוטף
2026-01-21,מפיות,out,1,חבילה,נועה,שימוש שוטף
2026-01-21,שקיות נייר,out,17,יח׳,נועה,שימוש שוטף
2026-01-21,שקיות נייר,out,17,יח׳,נועה,שימוש שוטף
2026-01-21,חלב 3%,waste,0.94,ליטר,דני,תפוגה — נפתח ולא נגמר במשמרת
2026-01-21,קרואסון חמאה,waste,3,יח׳,דני,שאריות מאתמול — לא נמכרו
2026-01-21,חלב 3%,waste,4.5,ליטר,נועה,"פתחנו 6 קרטונים בבוקר רביעי — נגמרו רק 3, השאר הלך"
2026-01-22,חלב 3%,in,29,ליטר,נועה,משלוח רגיל
2026-01-22,חלב שיבולת שועל,in,13,ליטר,מיכל,משלוח רגיל — חסר מול ההזמנה
2026-01-22,קרואסון חמאה,in,22,יח׳,מיכל,משלוח רגיל
2026-01-22,קרואסון שוקולד,in,15,יח׳,נועה,משלוח רגיל
2026-01-22,מאפה גבינה,in,12,יח׳,מיכל,משלוח רגיל
2026-01-22,חלב 3%,out,13.65,ליטר,נועה,שימוש שוטף
2026-01-22,חלב שיבולת שועל,out,5.47,ליטר,מיכל,שימוש שוטף
2026-01-22,חלב שיבולת שועל,out,5.47,ליטר,מיכל,שימוש שוטף
2026-01-22,חלב שקדים,out,2.64,ליטר,מיכל,שימוש שוטף
2026-01-22,חלב סויה,out,0.89,ליטר,מיכל,שימוש שוטף
2026-01-22,חלב סויה,out,0.89,ליטר,מיכל,שימוש שוטף
2026-01-22,חלב ללא לקטוז,out,0.36,ליטר,מיכל,שימוש שוטף
2026-01-22,חלב ללא לקטוז,out,0.36,ליטר,מיכל,שימוש שוטף
2026-01-22,חלב ללא לקטוז,out,0.36,ליטר,נועה,שימוש שוטף
2026-01-22,שמנת מתוקה,out,0.92,ליטר,מיכל,שימוש שוטף
2026-01-22,שמנת מתוקה,out,0.92,ליטר,נועה,שימוש שוטף
2026-01-22,פולי ערביקה,out,3.11,"ק""ג",נועה,שימוש שוטף
2026-01-22,פולי רובוסטה,out,0.38,"ק""ג",נועה,שימוש שוטף
2026-01-22,פולי רובוסטה,out,0.38,"ק""ג",מיכל,שימוש שוטף
2026-01-22,פולי דקאף,out,0.36,"ק""ג",מיכל,שימוש שוטף
2026-01-22,קרואסון חמאה,out,18,יח׳,נועה,שימוש שוטף
2026-01-22,קרואסון שוקולד,out,4,יח׳,נועה,שימוש שוטף
2026-01-22,קרואסון שוקולד,out,4,יח׳,נועה,שימוש שוטף
2026-01-22,קרואסון שוקולד,out,4,יח׳,מיכל,שימוש שוטף
2026-01-22,מאפה גבינה,out,6,יח׳,מיכל,שימוש שוטף
2026-01-22,מאפה גבינה,out,6,יח׳,נועה,שימוש שוטף
2026-01-22,לימונים,out,1.74,"ק""ג",מיכל,שימוש שוטף
2026-01-22,נענע,out,1.07,צרור,נועה,שימוש שוטף
2026-01-22,נענע,out,1.07,צרור,מיכל,שימוש שוטף
2026-01-22,נענע,out,1.07,צרור,מיכל,שימוש שוטף
2026-01-22,סוכר לבן,out,0.51,"ק""ג",נועה,שימוש שוטף
2026-01-22,סוכר לבן,out,0.51,"ק""ג",נועה,שימוש שוטף
2026-01-22,סוכריות סוכר,out,45,יח׳,נועה,שימוש שוטף
2026-01-22,סוכריות סוכר,out,45,יח׳,מיכל,שימוש שוטף
2026-01-22,סוכריות סוכר,out,45,יח׳,נועה,שימוש שוטף
2026-01-22,סירופ וניל,out,0.09,בקבוק,נועה,שימוש שוטף
2026-01-22,סירופ וניל,out,0.09,בקבוק,נועה,שימוש שוטף
2026-01-22,סירופ קרמל,out,0.18,בקבוק,נועה,שימוש שוטף
2026-01-22,כוסות קטנות,out,34,יח׳,מיכל,שימוש שוטף
2026-01-22,כוסות גדולות take-away,out,29,יח׳,מיכל,שימוש שוטף
2026-01-22,כוסות גדולות take-away,out,29,יח׳,נועה,שימוש שוטף
2026-01-22,מכסים,out,91,יח׳,מיכל,שימוש שוטף
2026-01-22,מפיות,out,1,חבילה,מיכל,שימוש שוטף
2026-01-22,מפיות,out,1,חבילה,נועה,שימוש שוטף
2026-01-22,שקיות נייר,out,38,יח׳,נועה,שימוש שוטף
2026-01-22,חלב 3%,waste,0.77,ליטר,מיכל,תפוגה — נפתח ולא נגמר במשמרת
2026-01-23,קרואסון חמאה,in,21,יח׳,מיכל,משלוח רגיל
2026-01-23,קרואסון שוקולד,in,15,יח׳,מיכל,משלוח רגיל
2026-01-23,מאפה גבינה,in,11,יח׳,מיכל,משלוח רגיל
2026-01-23,חלב 3%,out,14.13,ליטר,דני,שימוש שוטף
2026-01-23,חלב שיבולת שועל,out,5.74,ליטר,מיכל,שימוש שוטף
2026-01-23,חלב שיבולת שועל,out,5.74,ליטר,מיכל,שימוש שוטף
2026-01-23,חלב שקדים,out,1.09,ליטר,מיכל,שימוש שוטף
2026-01-23,חלב שקדים,out,1.09,ליטר,דני,שימוש שוטף
2026-01-23,חלב שקדים,out,1.09,ליטר,דני,שימוש שוטף
2026-01-23,חלב סויה,out,0.93,ליטר,דני,שימוש שוטף
2026-01-23,חלב סויה,out,0.93,ליטר,מיכל,שימוש שוטף
2026-01-23,חלב ללא לקטוז,out,1.05,ליטר,דני,שימוש שוטף
2026-01-23,שמנת מתוקה,out,0.9,ליטר,מיכל,שימוש שוטף
2026-01-23,שמנת מתוקה,out,0.9,ליטר,מיכל,שימוש שוטף
2026-01-23,פולי ערביקה,out,1.19,"ק""ג",מיכל,שימוש שוטף
2026-01-23,פולי ערביקה,out,1.19,"ק""ג",מיכל,שימוש שוטף
2026-01-23,פולי ערביקה,out,1.19,"ק""ג",מיכל,שימוש שוטף
2026-01-23,פולי רובוסטה,out,0.36,"ק""ג",דני,שימוש שוטף
2026-01-23,פולי רובוסטה,out,0.36,"ק""ג",דני,שימוש שוטף
2026-01-23,פולי דקאף,out,0.19,"ק""ג",דני,שימוש שוטף
2026-01-23,פולי דקאף,out,0.19,"ק""ג",דני,שימוש שוטף
2026-01-23,קרואסון חמאה,out,12,יח׳,דני,שימוש שוטף
2026-01-23,קרואסון חמאה,out,12,יח׳,מיכל,שימוש שוטף
2026-01-23,קרואסון שוקולד,out,5,יח׳,דני,שימוש שוטף
2026-01-23,קרואסון שוקולד,out,5,יח׳,דני,שימוש שוטף
2026-01-23,קרואסון שוקולד,out,5,יח׳,מיכל,שימוש שוטף
2026-01-23,מאפה גבינה,out,6,יח׳,דני,שימוש שוטף
2026-01-23,מאפה גבינה,out,6,יח׳,דני,שימוש שוטף
2026-01-23,לימונים,out,1.78,"ק""ג",דני,שימוש שוטף
2026-01-23,נענע,out,1.42,צרור,מיכל,שימוש שוטף
2026-01-23,נענע,out,1.42,צרור,דני,שימוש שוטף
2026-01-23,סוכר לבן,out,0.6,"ק""ג",מיכל,שימוש שוטף
2026-01-23,סוכריות סוכר,out,43,יח׳,מיכל,שימוש שוטף
2026-01-23,סוכריות סוכר,out,43,יח׳,מיכל,שימוש שוטף
2026-01-23,סירופ וניל,out,0.06,בקבוק,דני,שימוש שוטף
2026-01-23,סירופ וניל,out,0.06,בקבוק,דני,שימוש שוטף
2026-01-23,סירופ וניל,out,0.06,בקבוק,מיכל,שימוש שוטף
2026-01-23,סירופ קרמל,out,0.07,בקבוק,מיכל,שימוש שוטף
2026-01-23,סירופ קרמל,out,0.07,בקבוק,דני,שימוש שוטף
2026-01-23,סירופ קרמל,out,0.07,בקבוק,מיכל,שימוש שוטף
2026-01-23,כוסות קטנות,out,12,יח׳,מיכל,שימוש שוטף
2026-01-23,כוסות קטנות,out,12,יח׳,דני,שימוש שוטף
2026-01-23,כוסות קטנות,out,12,יח׳,דני,שימוש שוטף
2026-01-23,כוסות גדולות take-away,out,63,יח׳,מיכל,שימוש שוטף
2026-01-23,מכסים,out,57,יח׳,מיכל,שימוש שוטף
2026-01-23,מכסים,out,57,יח׳,דני,שימוש שוטף
2026-01-23,מפיות,out,1,חבילה,מיכל,שימוש שוטף
2026-01-23,מפיות,out,1,חבילה,דני,שימוש שוטף
2026-01-23,מפיות,out,1,חבילה,דני,שימוש שוטף
2026-01-23,שקיות נייר,out,40,יח׳,דני,שימוש שוטף
2026-01-25,חלב 3%,in,28,ליטר,דני,משלוח רגיל
2026-01-25,חלב שיבולת שועל,in,15,ליטר,טל,משלוח רגיל — חסר מול ההזמנה
2026-01-25,חלב שקדים,in,11,ליטר,מיכל,משלוח רגיל
2026-01-25,שמנת מתוקה,in,6,ליטר,נועה,משלוח רגיל
2026-01-25,קרואסון חמאה,in,22,יח׳,מיכל,משלוח רגיל
2026-01-25,קרואסון שוקולד,in,14,יח׳,טל,משלוח רגיל
2026-01-25,מאפה גבינה,in,11,יח׳,מיכל,משלוח רגיל
2026-01-25,לימונים,in,4,"ק""ג",נועה,משלוח רגיל
2026-01-25,נענע,in,9,צרור,נועה,משלוח רגיל
2026-01-25,חלב 3%,out,4.78,ליטר,נועה,שימוש שוטף
2026-01-25,חלב 3%,out,4.78,ליטר,מיכל,שימוש שוטף
2026-01-25,חלב 3%,out,4.78,ליטר,נועה,שימוש שוטף
2026-01-25,חלב שיבולת שועל,out,3.57,ליטר,נועה,שימוש שוטף
2026-01-25,חלב שיבולת שועל,out,3.57,ליטר,מיכל,שימוש שוטף
2026-01-25,חלב שיבולת שועל,out,3.57,ליטר,דני,שימוש שוטף
2026-01-25,חלב שקדים,out,1.22,ליטר,נועה,שימוש שוטף
2026-01-25,חלב שקדים,out,1.22,ליטר,מיכל,שימוש שוטף
2026-01-25,חלב שקדים,out,1.22,ליטר,מיכל,שימוש שוטף
2026-01-25,חלב סויה,out,0.62,ליטר,נועה,שימוש שוטף
2026-01-25,חלב סויה,out,0.62,ליטר,דני,שימוש שוטף
2026-01-25,חלב סויה,out,0.62,ליטר,דני,שימוש שוטף
2026-01-25,חלב ללא לקטוז,out,1.08,ליטר,מיכל,שימוש שוטף
2026-01-25,שמנת מתוקה,out,0.97,ליטר,דני,שימוש שוטף
2026-01-25,שמנת מתוקה,out,0.97,ליטר,דני,שימוש שוטף
2026-01-25,פולי ערביקה,out,0.71,"ק""ג",טל,שימוש שוטף
2026-01-25,פולי ערביקה,out,0.71,"ק""ג",דני,שימוש שוטף
2026-01-25,פולי ערביקה,out,0.71,"ק""ג",מיכל,שימוש שוטף
2026-01-25,פולי רובוסטה,out,0.19,"ק""ג",טל,שימוש שוטף
2026-01-25,פולי רובוסטה,out,0.19,"ק""ג",מיכל,שימוש שוטף
2026-01-25,פולי רובוסטה,out,0.19,"ק""ג",דני,שימוש שוטף
2026-01-25,פולי דקאף,out,0.14,"ק""ג",דני,שימוש שוטף
2026-01-25,פולי דקאף,out,0.14,"ק""ג",דני,שימוש שוטף
2026-01-25,קרואסון חמאה,out,16,יח׳,דני,שימוש שוטף
2026-01-25,קרואסון שוקולד,out,14,יח׳,נועה,שימוש שוטף
2026-01-25,מאפה גבינה,out,14,יח׳,נועה,שימוש שוטף
2026-01-25,לימונים,out,0.64,"ק""ג",נועה,שימוש שוטף
2026-01-25,לימונים,out,0.64,"ק""ג",טל,שימוש שוטף
2026-01-25,נענע,out,1.15,צרור,דני,שימוש שוטף
2026-01-25,נענע,out,1.15,צרור,נועה,שימוש שוטף
2026-01-25,נענע,out,1.15,צרור,נועה,שימוש שוטף
2026-01-25,סוכר לבן,out,0.62,"ק""ג",נועה,שימוש שוטף
2026-01-25,סוכריות סוכר,out,84,יח׳,נועה,שימוש שוטף
2026-01-25,סירופ וניל,out,0.08,בקבוק,דני,שימוש שוטף
2026-01-25,סירופ וניל,out,0.08,בקבוק,נועה,שימוש שוטף
2026-01-25,סירופ קרמל,out,0.14,בקבוק,נועה,שימוש שוטף
2026-01-25,כוסות קטנות,out,26,יח׳,מיכל,שימוש שוטף
2026-01-25,כוסות קטנות,out,26,יח׳,נועה,שימוש שוטף
2026-01-25,כוסות גדולות take-away,out,48,יח׳,דני,שימוש שוטף
2026-01-25,מכסים,out,91,יח׳,מיכל,שימוש שוטף
2026-01-25,מפיות,out,1,חבילה,דני,שימוש שוטף
2026-01-25,שקיות נייר,out,26,יח׳,נועה,שימוש שוטף
2026-01-26,חלב סויה,in,9,ליטר,נועה,משלוח רגיל
2026-01-26,קרואסון חמאה,in,32,יח׳,דני,הזמנה שבועית — הוזמן יותר מדי (התראה לרונית)
2026-01-26,קרואסון שוקולד,in,22,יח׳,נועה,הזמנה שבועית — הוזמן יותר מדי (התראה לרונית)
2026-01-26,מאפה גבינה,in,12,יח׳,מיכל,משלוח רגיל
2026-01-26,כוסות גדולות take-away,in,314,יח׳,מיכל,משלוח רגיל
2026-01-26,מכסים,in,484,יח׳,נועה,משלוח רגיל
2026-01-26,חלב 3%,out,5.31,ליטר,נועה,שימוש שוטף
2026-01-26,חלב 3%,out,5.31,ליטר,דני,שימוש שוטף
2026-01-26,חלב 3%,out,5.31,ליטר,מיכל,שימוש שוטף
2026-01-26,חלב שיבולת שועל,out,2.25,ליטר,דני,שימוש שוטף
2026-01-26,חלב שיבולת שועל,out,2.25,ליטר,דני,שימוש שוטף
2026-01-26,חלב שיבולת שועל,out,2.25,ליטר,דני,שימוש שוטף
2026-01-26,חלב שקדים,out,0.72,ליטר,מיכל,שימוש שוטף
2026-01-26,חלב שקדים,out,0.72,ליטר,מיכל,שימוש שוטף
2026-01-26,חלב שקדים,out,0.72,ליטר,נועה,שימוש שוטף
2026-01-26,חלב סויה,out,0.49,ליטר,מיכל,שימוש שוטף
2026-01-26,חלב סויה,out,0.49,ליטר,טל,שימוש שוטף
2026-01-26,חלב סויה,out,0.49,ליטר,דני,שימוש שוטף
2026-01-26,חלב ללא לקטוז,out,0.54,ליטר,נועה,שימוש שוטף
2026-01-26,חלב ללא לקטוז,out,0.54,ליטר,מיכל,שימוש שוטף
2026-01-26,שמנת מתוקה,out,1.22,ליטר,דני,שימוש שוטף
2026-01-26,שמנת מתוקה,out,1.22,ליטר,נועה,שימוש שוטף
2026-01-26,פולי ערביקה,out,1.78,"ק""ג",מיכל,שימוש שוטף
2026-01-26,פולי ערביקה,out,1.78,"ק""ג",נועה,שימוש שוטף
2026-01-26,פולי רובוסטה,out,0.25,"ק""ג",טל,שימוש שוטף
2026-01-26,פולי רובוסטה,out,0.25,"ק""ג",טל,שימוש שוטף
2026-01-26,פולי דקאף,out,0.16,"ק""ג",דני,שימוש שוטף
2026-01-26,פולי דקאף,out,0.16,"ק""ג",דני,שימוש שוטף
2026-01-26,קרואסון חמאה,out,3,יח׳,נועה,שימוש שוטף
2026-01-26,קרואסון חמאה,out,3,יח׳,נועה,שימוש שוטף
2026-01-26,קרואסון חמאה,out,3,יח׳,טל,שימוש שוטף
2026-01-26,קרואסון שוקולד,out,3,יח׳,מיכל,שימוש שוטף
2026-01-26,קרואסון שוקולד,out,3,יח׳,מיכל,שימוש שוטף
2026-01-26,קרואסון שוקולד,out,3,יח׳,נועה,שימוש שוטף
2026-01-26,מאפה גבינה,out,10,יח׳,טל,שימוש שוטף
2026-01-26,לימונים,out,0.53,"ק""ג",נועה,שימוש שוטף
2026-01-26,לימונים,out,0.53,"ק""ג",מיכל,שימוש שוטף
2026-01-26,לימונים,out,0.53,"ק""ג",מיכל,שימוש שוטף
2026-01-26,נענע,out,0.78,צרור,נועה,שימוש שוטף
2026-01-26,נענע,out,0.78,צרור,דני,שימוש שוטף
2026-01-26,נענע,out,0.78,צרור,נועה,שימוש שוטף
2026-01-26,סוכר לבן,out,0.23,"ק""ג",נועה,שימוש שוטף
2026-01-26,סוכר לבן,out,0.23,"ק""ג",מיכל,שימוש שוטף
2026-01-26,סוכר לבן,out,0.23,"ק""ג",מיכל,שימוש שוטף
2026-01-26,סוכריות סוכר,out,139,יח׳,נועה,שימוש שוטף
2026-01-26,סירופ וניל,out,0.08,בקבוק,נועה,שימוש שוטף
2026-01-26,סירופ וניל,out,0.08,בקבוק,טל,שימוש שוטף
2026-01-26,סירופ קרמל,out,0.09,בקבוק,נועה,שימוש שוטף
2026-01-26,סירופ קרמל,out,0.09,בקבוק,דני,שימוש שוטף
2026-01-26,כוסות קטנות,out,17,יח׳,מיכל,שימוש שוטף
2026-01-26,כוסות קטנות,out,17,יח׳,מיכל,שימוש שוטף
2026-01-26,כוסות גדולות take-away,out,47,יח׳,מיכל,שימוש שוטף
2026-01-26,מכסים,out,76,יח׳,טל,שימוש שוטף
2026-01-26,מפיות,out,1,חבילה,דני,שימוש שוטף
2026-01-26,מפיות,out,1,חבילה,נועה,שימוש שוטף
2026-01-26,מפיות,out,1,חבילה,דני,שימוש שוטף
2026-01-26,שקיות נייר,out,20,יח׳,דני,שימוש שוטף
2026-01-26,שקיות נייר,out,20,יח׳,נועה,שימוש שוטף
2026-01-26,חלב ללא לקטוז,waste,0.73,ליטר,נועה,תפוגה — נפתח ולא נגמר במשמרת
2026-01-27,חלב 3%,in,26,ליטר,נועה,משלוח רגיל
2026-01-27,חלב שיבולת שועל,in,15,ליטר,נועה,משלוח רגיל — חסר מול ההזמנה
2026-01-27,קרואסון חמאה,in,22,יח׳,מיכל,משלוח רגיל
2026-01-27,קרואסון שוקולד,in,15,יח׳,נועה,משלוח רגיל
2026-01-27,מאפה גבינה,in,12,יח׳,מיכל,משלוח רגיל
2026-01-27,חלב 3%,out,6.01,ליטר,טל,שימוש שוטף
2026-01-27,חלב 3%,out,6.01,ליטר,נועה,שימוש שוטף
2026-01-27,חלב 3%,out,6.01,ליטר,דני,שימוש שוטף
2026-01-27,חלב שיבולת שועל,out,3.94,ליטר,נועה,שימוש שוטף
2026-01-27,חלב שיבולת שועל,out,3.94,ליטר,נועה,שימוש שוטף
2026-01-27,חלב שיבולת שועל,out,3.94,ליטר,מיכל,שימוש שוטף
2026-01-27,חלב שקדים,out,2.94,ליטר,דני,שימוש שוטף
2026-01-27,חלב סויה,out,2.28,ליטר,דני,שימוש שוטף
2026-01-27,חלב ללא לקטוז,out,0.7,ליטר,דני,שימוש שוטף
2026-01-27,שמנת מתוקה,out,1.08,ליטר,מיכל,שימוש שוטף
2026-01-27,שמנת מתוקה,out,1.08,ליטר,נועה,שימוש שוטף
2026-01-27,פולי ערביקה,out,0.86,"ק""ג",מיכל,שימוש שוטף
2026-01-27,פולי ערביקה,out,0.86,"ק""ג",נועה,שימוש שוטף
2026-01-27,פולי ערביקה,out,0.86,"ק""ג",נועה,שימוש שוטף
2026-01-27,פולי רובוסטה,out,0.3,"ק""ג",נועה,שימוש שוטף
2026-01-27,פולי רובוסטה,out,0.3,"ק""ג",טל,שימוש שוטף
2026-01-27,פולי דקאף,out,0.22,"ק""ג",נועה,שימוש שוטף
2026-01-27,קרואסון חמאה,out,14,יח׳,נועה,שימוש שוטף
2026-01-27,קרואסון חמאה,out,14,יח׳,נועה,שימוש שוטף
2026-01-27,קרואסון שוקולד,out,6,יח׳,נועה,שימוש שוטף
2026-01-27,קרואסון שוקולד,out,6,יח׳,נועה,שימוש שוטף
2026-01-27,קרואסון שוקולד,out,6,יח׳,נועה,שימוש שוטף
2026-01-27,מאפה גבינה,out,5,יח׳,נועה,שימוש שוטף
2026-01-27,מאפה גבינה,out,5,יח׳,טל,שימוש שוטף
2026-01-27,לימונים,out,0.38,"ק""ג",נועה,שימוש שוטף
2026-01-27,לימונים,out,0.38,"ק""ג",דני,שימוש שוטף
2026-01-27,לימונים,out,0.38,"ק""ג",נועה,שימוש שוטף
2026-01-27,נענע,out,1.92,צרור,נועה,שימוש שוטף
2026-01-27,נענע,out,1.92,צרור,נועה,שימוש שוטף
2026-01-27,סוכר לבן,out,0.6,"ק""ג",מיכל,שימוש שוטף
2026-01-27,סוכריות סוכר,out,44,יח׳,נועה,שימוש שוטף
2026-01-27,סוכריות סוכר,out,44,יח׳,מיכל,שימוש שוטף
2026-01-27,סוכריות סוכר,out,44,יח׳,נועה,שימוש שוטף
2026-01-27,סירופ וניל,out,0.19,בקבוק,נועה,שימוש שוטף
2026-01-27,סירופ קרמל,out,0.08,בקבוק,טל,שימוש שוטף
2026-01-27,סירופ קרמל,out,0.08,בקבוק,נועה,שימוש שוטף
2026-01-27,כוסות קטנות,out,23,יח׳,דני,שימוש שוטף
2026-01-27,כוסות קטנות,out,23,יח׳,נועה,שימוש שוטף
2026-01-27,כוסות גדולות take-away,out,50,יח׳,נועה,שימוש שוטף
2026-01-27,מכסים,out,73,יח׳,מיכל,שימוש שוטף
2026-01-27,מפיות,out,1,חבילה,נועה,שימוש שוטף
2026-01-27,מפיות,out,1,חבילה,דני,שימוש שוטף
2026-01-27,מפיות,out,1,חבילה,טל,שימוש שוטף
2026-01-27,שקיות נייר,out,28,יח׳,דני,שימוש שוטף
2026-01-27,חלב שיבולת שועל,out,4,ליטר,דני,נגמר שוב. דיברנו עם יוסי — אמר שיש מחסור כללי בשוק
2026-01-27,קרואסון חמאה,waste,8,יח׳,נועה,שאריות מאתמול — לא נמכרו
2026-01-28,חלב ללא לקטוז,in,7,ליטר,דני,משלוח רגיל
2026-01-28,שמנת מתוקה,in,5,ליטר,נועה,משלוח רגיל
2026-01-28,פולי ערביקה,in,20,"ק""ג",דני,משלוח רגיל
2026-01-28,פולי רובוסטה,in,8,"ק""ג",דני,משלוח רגיל
2026-01-28,קרואסון חמאה,in,21,יח׳,מיכל,משלוח רגיל
2026-01-28,קרואסון שוקולד,in,16,יח׳,דני,משלוח רגיל
2026-01-28,מאפה גבינה,in,12,יח׳,מיכל,משלוח רגיל
2026-01-28,לימונים,in,4,"ק""ג",טל,משלוח רגיל
2026-01-28,נענע,in,9,צרור,נועה,משלוח רגיל
2026-01-28,סוכר לבן,in,12,"ק""ג",נועה,משלוח רגיל
2026-01-28,סוכריות סוכר,in,811,יח׳,דני,משלוח רגיל
2026-01-28,כוסות קטנות,in,345,יח׳,מיכל,משלוח רגיל
2026-01-28,מפיות,in,17,חבילה,טל,משלוח רגיל
2026-01-28,שקיות נייר,in,244,יח׳,דני,משלוח רגיל
2026-01-28,חלב 3%,out,17.4,ליטר,מיכל,שימוש שוטף
2026-01-28,חלב שיבולת שועל,out,15.24,ליטר,דני,שימוש שוטף
2026-01-28,חלב שקדים,out,1.08,ליטר,מיכל,שימוש שוטף
2026-01-28,חלב שקדים,out,1.08,ליטר,נועה,שימוש שוטף
2026-01-28,חלב סויה,out,1.73,ליטר,דני,שימוש שוטף
2026-01-28,חלב ללא לקטוז,out,0.29,ליטר,דני,שימוש שוטף
2026-01-28,חלב ללא לקטוז,out,0.29,ליטר,דני,שימוש שוטף
2026-01-28,חלב ללא לקטוז,out,0.29,ליטר,נועה,שימוש שוטף
2026-01-28,שמנת מתוקה,out,0.57,ליטר,טל,שימוש שוטף
2026-01-28,שמנת מתוקה,out,0.57,ליטר,דני,שימוש שוטף
2026-01-28,שמנת מתוקה,out,0.57,ליטר,נועה,שימוש שוטף
2026-01-28,פולי ערביקה,out,1.27,"ק""ג",דני,שימוש שוטף
2026-01-28,פולי ערביקה,out,1.27,"ק""ג",נועה,שימוש שוטף
2026-01-28,פולי רובוסטה,out,0.74,"ק""ג",מיכל,שימוש שוטף
2026-01-28,פולי דקאף,out,0.15,"ק""ג",מיכל,שימוש שוטף
2026-01-28,פולי דקאף,out,0.15,"ק""ג",טל,שימוש שוטף
2026-01-28,קרואסון חמאה,out,11,יח׳,מיכל,שימוש שוטף
2026-01-28,קרואסון חמאה,out,11,יח׳,מיכל,שימוש שוטף
2026-01-28,קרואסון שוקולד,out,6,יח׳,מיכל,שימוש שוטף
2026-01-28,קרואסון שוקולד,out,6,יח׳,מיכל,שימוש שוטף
2026-01-28,מאפה גבינה,out,3,יח׳,דני,שימוש שוטף
2026-01-28,מאפה גבינה,out,3,יח׳,מיכל,שימוש שוטף
2026-01-28,מאפה גבינה,out,3,יח׳,נועה,שימוש שוטף
2026-01-28,לימונים,out,0.77,"ק""ג",נועה,שימוש שוטף
2026-01-28,לימונים,out,0.77,"ק""ג",נועה,שימוש שוטף
2026-01-28,נענע,out,1.05,צרור,טל,שימוש שוטף
2026-01-28,נענע,out,1.05,צרור,נועה,שימוש שוטף
2026-01-28,סוכר לבן,out,0.63,"ק""ג",מיכל,שימוש שוטף
2026-01-28,סוכריות סוכר,out,76,יח׳,נועה,שימוש שוטף
2026-01-28,סוכריות סוכר,out,76,יח׳,טל,שימוש שוטף
2026-01-28,סירופ וניל,out,0.14,בקבוק,נועה,שימוש שוטף
2026-01-28,סירופ קרמל,out,0.08,בקבוק,מיכל,שימוש שוטף
2026-01-28,סירופ קרמל,out,0.08,בקבוק,טל,שימוש שוטף
2026-01-28,סירופ קרמל,out,0.08,בקבוק,דני,שימוש שוטף
2026-01-28,כוסות קטנות,out,17,יח׳,נועה,שימוש שוטף
2026-01-28,כוסות קטנות,out,17,יח׳,דני,שימוש שוטף
2026-01-28,כוסות קטנות,out,17,יח׳,נועה,שימוש שוטף
2026-01-28,כוסות גדולות take-away,out,18,יח׳,נועה,שימוש שוטף
2026-01-28,כוסות גדולות take-away,out,18,יח׳,נועה,שימוש שוטף
2026-01-28,כוסות גדולות take-away,out,18,יח׳,מיכל,שימוש שוטף
2026-01-28,מכסים,out,22,יח׳,דני,שימוש שוטף
2026-01-28,מכסים,out,22,יח׳,טל,שימוש שוטף
2026-01-28,מכסים,out,22,יח׳,טל,שימוש שוטף
2026-01-28,מפיות,out,1,חבילה,נועה,שימוש שוטף
2026-01-28,שקיות נייר,out,41,יח׳,מיכל,שימוש שוטף
2026-01-28,חלב 3%,waste,0.35,ליטר,דני,תפוגה — נפתח ולא נגמר במשמרת
2026-01-28,נענע,waste,1.16,צרור,טל,נבל במקרר
2026-01-29,חלב 3%,in,28,ליטר,נועה,משלוח רגיל
2026-01-29,חלב שיבולת שועל,in,12,ליטר,נועה,משלוח רגיל — חסר מול ההזמנה
2026-01-29,חלב שקדים,in,12,ליטר,נועה,משלוח רגיל
2026-01-29,קרואסון חמאה,in,21,יח׳,נועה,משלוח רגיל
2026-01-29,קרואסון שוקולד,in,15,יח׳,מיכל,משלוח רגיל
2026-01-29,מאפה גבינה,in,13,יח׳,נועה,משלוח רגיל
2026-01-29,חלב 3%,out,11.9,ליטר,נועה,שימוש שוטף
2026-01-29,חלב שיבולת שועל,out,5.85,ליטר,נועה,שימוש שוטף
2026-01-29,חלב שיבולת שועל,out,5.85,ליטר,נועה,שימוש שוטף
2026-01-29,חלב שקדים,out,1.14,ליטר,נועה,שימוש שוטף
2026-01-29,חלב שקדים,out,1.14,ליטר,מיכל,שימוש שוטף
2026-01-29,חלב סויה,out,0.56,ליטר,נועה,שימוש שוטף
2026-01-29,חלב סויה,out,0.56,ליטר,מיכל,שימוש שוטף
2026-01-29,חלב סויה,out,0.56,ליטר,נועה,שימוש שוטף
2026-01-29,חלב ללא לקטוז,out,0.4,ליטר,נועה,שימוש שוטף
2026-01-29,חלב ללא לקטוז,out,0.4,ליטר,מיכל,שימוש שוטף
2026-01-29,שמנת מתוקה,out,1.81,ליטר,מיכל,שימוש שוטף
2026-01-29,פולי ערביקה,out,0.67,"ק""ג",מיכל,שימוש שוטף
2026-01-29,פולי ערביקה,out,0.67,"ק""ג",נועה,שימוש שוטף
2026-01-29,פולי ערביקה,out,0.67,"ק""ג",מיכל,שימוש שוטף
2026-01-29,פולי רובוסטה,out,0.54,"ק""ג",מיכל,שימוש שוטף
2026-01-29,פולי דקאף,out,0.11,"ק""ג",מיכל,שימוש שוטף
2026-01-29,פולי דקאף,out,0.11,"ק""ג",נועה,שימוש שוטף
2026-01-29,פולי דקאף,out,0.11,"ק""ג",נועה,שימוש שוטף
2026-01-29,קרואסון חמאה,out,8,יח׳,נועה,שימוש שוטף
2026-01-29,קרואסון חמאה,out,8,יח׳,נועה,שימוש שוטף
2026-01-29,קרואסון שוקולד,out,11,יח׳,נועה,שימוש שוטף
2026-01-29,מאפה גבינה,out,10,יח׳,נועה,שימוש שוטף
2026-01-29,לימונים,out,0.43,"ק""ג",מיכל,שימוש שוטף
2026-01-29,לימונים,out,0.43,"ק""ג",נועה,שימוש שוטף
2026-01-29,לימונים,out,0.43,"ק""ג",נועה,שימוש שוטף
2026-01-29,נענע,out,2.9,צרור,נועה,שימוש שוטף
2026-01-29,סוכר לבן,out,0.96,"ק""ג",נועה,שימוש שוטף
2026-01-29,סוכריות סוכר,out,44,יח׳,נועה,שימוש שוטף
2026-01-29,סוכריות סוכר,out,44,יח׳,נועה,שימוש שוטף
2026-01-29,סוכריות סוכר,out,44,יח׳,נועה,שימוש שוטף
2026-01-29,סירופ וניל,out,0.04,בקבוק,נועה,שימוש שוטף
2026-01-29,סירופ וניל,out,0.04,בקבוק,נועה,שימוש שוטף
2026-01-29,סירופ וניל,out,0.04,בקבוק,נועה,שימוש שוטף
2026-01-29,סירופ קרמל,out,0.07,בקבוק,נועה,שימוש שוטף
2026-01-29,סירופ קרמל,out,0.07,בקבוק,מיכל,שימוש שוטף
2026-01-29,סירופ קרמל,out,0.07,בקבוק,נועה,שימוש שוטף
2026-01-29,כוסות קטנות,out,10,יח׳,נועה,שימוש שוטף
2026-01-29,כוסות קטנות,out,10,יח׳,נועה,שימוש שוטף
2026-01-29,כוסות קטנות,out,10,יח׳,נועה,שימוש שוטף
2026-01-29,כוסות גדולות take-away,out,50,יח׳,מיכל,שימוש שוטף
2026-01-29,מכסים,out,121,יח׳,מיכל,שימוש שוטף
2026-01-29,מפיות,out,1,חבילה,מיכל,שימוש שוטף
2026-01-29,מפיות,out,1,חבילה,נועה,שימוש שוטף
2026-01-29,שקיות נייר,out,42,יח׳,נועה,שימוש שוטף
2026-01-29,חלב סויה,waste,0.61,ליטר,נועה,תפוגה — נפתח ולא נגמר במשמרת
2026-01-30,קרואסון חמאה,in,23,יח׳,דני,משלוח רגיל
2026-01-30,קרואסון שוקולד,in,16,יח׳,מיכל,משלוח רגיל
2026-01-30,מאפה גבינה,in,12,יח׳,מיכל,משלוח רגיל
2026-01-30,סירופ וניל,in,4,בקבוק,מיכל,משלוח רגיל
2026-01-30,סירופ קרמל,in,5,בקבוק,מיכל,משלוח רגיל
2026-01-30,חלב 3%,out,10.53,ליטר,דני,שימוש שוטף
2026-01-30,חלב שיבולת שועל,out,4.55,ליטר,דני,שימוש שוטף
2026-01-30,חלב שיבולת שועל,out,4.55,ליטר,מיכל,שימוש שוטף
2026-01-30,חלב שקדים,out,1.01,ליטר,מיכל,שימוש שוטף
2026-01-30,חלב שקדים,out,1.01,ליטר,מיכל,שימוש שוטף
2026-01-30,חלב שקדים,out,1.01,ליטר,מיכל,שימוש שוטף
2026-01-30,חלב סויה,out,2.51,ליטר,דני,שימוש שוטף
2026-01-30,חלב ללא לקטוז,out,0.61,ליטר,דני,שימוש שוטף
2026-01-30,חלב ללא לקטוז,out,0.61,ליטר,דני,שימוש שוטף
2026-01-30,שמנת מתוקה,out,0.66,ליטר,דני,שימוש שוטף
2026-01-30,שמנת מתוקה,out,0.66,ליטר,מיכל,שימוש שוטף
2026-01-30,שמנת מתוקה,out,0.66,ליטר,מיכל,שימוש שוטף
2026-01-30,פולי ערביקה,out,1.03,"ק""ג",מיכל,שימוש שוטף
2026-01-30,פולי ערביקה,out,1.03,"ק""ג",מיכל,שימוש שוטף
2026-01-30,פולי ערביקה,out,1.03,"ק""ג",דני,שימוש שוטף
2026-01-30,פולי רובוסטה,out,0.69,"ק""ג",דני,שימוש שוטף
2026-01-30,פולי דקאף,out,0.27,"ק""ג",דני,שימוש שוטף
2026-01-30,קרואסון חמאה,out,5,יח׳,דני,שימוש שוטף
2026-01-30,קרואסון חמאה,out,5,יח׳,מיכל,שימוש שוטף
2026-01-30,קרואסון חמאה,out,5,יח׳,דני,שימוש שוטף
2026-01-30,קרואסון שוקולד,out,7,יח׳,מיכל,שימוש שוטף
2026-01-30,קרואסון שוקולד,out,7,יח׳,מיכל,שימוש שוטף
2026-01-30,מאפה גבינה,out,4,יח׳,דני,שימוש שוטף
2026-01-30,מאפה גבינה,out,4,יח׳,דני,שימוש שוטף
2026-01-30,מאפה גבינה,out,4,יח׳,מיכל,שימוש שוטף
2026-01-30,לימונים,out,0.47,"ק""ג",דני,שימוש שוטף
2026-01-30,לימונים,out,0.47,"ק""ג",דני,שימוש שוטף
2026-01-30,לימונים,out,0.47,"ק""ג",דני,שימוש שוטף
2026-01-30,נענע,out,3.61,צרור,מיכל,שימוש שוטף
2026-01-30,סוכר לבן,out,0.45,"ק""ג",מיכל,שימוש שוטף
2026-01-30,סוכר לבן,out,0.45,"ק""ג",דני,שימוש שוטף
2026-01-30,סוכריות סוכר,out,50,יח׳,דני,שימוש שוטף
2026-01-30,סוכריות סוכר,out,50,יח׳,מיכל,שימוש שוטף
2026-01-30,סוכריות סוכר,out,50,יח׳,מיכל,שימוש שוטף
2026-01-30,סירופ וניל,out,0.05,בקבוק,מיכל,שימוש שוטף
2026-01-30,סירופ וניל,out,0.05,בקבוק,דני,שימוש שוטף
2026-01-30,סירופ וניל,out,0.05,בקבוק,דני,שימוש שוטף
2026-01-30,סירופ קרמל,out,0.22,בקבוק,דני,שימוש שוטף
2026-01-30,כוסות קטנות,out,48,יח׳,דני,שימוש שוטף
2026-01-30,כוסות גדולות take-away,out,32,יח׳,דני,שימוש שוטף
2026-01-30,כוסות גדולות take-away,out,32,יח׳,דני,שימוש שוטף
2026-01-30,מכסים,out,59,יח׳,דני,שימוש שוטף
2026-01-30,מכסים,out,59,יח׳,דני,שימוש שוטף
2026-01-30,מפיות,out,1,חבילה,דני,שימוש שוטף
2026-01-30,מפיות,out,1,חבילה,מיכל,שימוש שוטף
2026-01-30,שקיות נייר,out,17,יח׳,מיכל,שימוש שוטף
2026-01-30,שקיות נייר,out,17,יח׳,מיכל,שימוש שוטף
2026-01-30,מכסים,waste,4,יח׳,דני,פג תוקף
